q,dept,type,typeSrc,grade,target,need,amount,action,reason,signal,status,sigEq,sigKind,stopDate,dueDate,dDays,expect,issues,trend
Q1000108,SEO26FF,보험품,master.csv,C,2,1,1422190,발주,"비핵심보험[C] μ_LT+SS(Z1.28)=2,상한4→2",yellow,발주임박,,상시,,,,,0,0;0;0;0;0;0;0;0;0;0;0;0;0;0;0;0;0;0;0;0;0;0;0;0
Q1000737,SEO26FF,계획품,classification_result.csv,S,0,0,0,유지,핵심설비 계획품이나 소요비활발(λ0.3)→0,gray,재고불요,,상시,,,,,1,0;0;0;0;0;0;0;1;0;0;0;0;0;0;0;0;0;0;0;0;0;0;0;0
Q1000745,SEO26FF,보험품,classification_result.csv,S,4,2,2440000,발주,"핵심보험[S] μ_LT+SS(Z2.58)=4,상한6,기준2→4",yellow,발주임박,,상시,,,,,4,0;0;1;0;0;0;2;0;0;0;1;0;0;0;0;0;0;0;0;0;0;0;0;0
Q1000751,SEO26FF,보험품,classification_result.csv,B,2,0,0,유지,"비핵심보험[B] μ_LT+SS(Z1.65)=2,상한2→2",green,여유,,상시,,,,,1,0;0;0;0;0;0;0;0;0;0;0;0;0;1;0;0;0;0;0;0;0;0;0;0
Q1000781,SEO26FF,보험품,classification_result.csv,S,2,2,10913448,발주,"핵심보험[S] μ_LT+SS(Z2.58)=2,상한2,기준2→2",red,즉시발주,,상시,,,,,0,0;0;0;0;0;0;0;0;0;0;0;0;0;0;0;0;0;0;0;0;0;0;0;0
Q1000971,SEO26FF,보험품,classification_result.csv,S,1,1,3567054,발주,핵심보험[S] 소요無→기준1,red,즉시발주,,상시,,,,,0,0;0;0;0;0;0;0;0;0;0;0;0;0;0;0;0;0;0;0;0;0;0;0;0
Q1002238,SEO26FF,계획품,classification_result.csv,C,0,0,0,감축,계획품 원칙0(비핵심설비→수리일정발주),gray,재고불요,,상시,,,,,1,1;0;0;0;0;0;0;0;0;0;0;0;0;0;0;0;0;0;0;0;0;0;0;0
Q1002292,SEO26FF,계획품,classification_result.csv,C,0,0,0,감축,계획품 원칙0(비핵심설비→수리일정발주),gray,재고불요,,상시,,,,,0,0;0;0;0;0;0;0;0;0;0;0;0;0;0;0;0;0;0;0;0;0;0;0;0
Q1004847,SEO26FF,계획품,classification_result.csv,C,0,0,0,감축,계획품 원칙0(비핵심설비→수리일정발주),gray,재고불요,,상시,,,,,0,0;0;0;0;0;0;0;0;0;0;0;0;0;0;0;0;0;0;0;0;0;0;0;0
Q1005323,SEO26FF,계획품,classification_result.csv,C,0,0,0,감축,계획품 원칙0(비핵심설비→수리일정발주),gray,재고불요,,상시,,,,,1,0;0;0;0;0;0;224;0;0;0;0;0;0;0;0;0;0;0;0;0;0;0;0;0
Q1007239,SEO26FF,보험품,classification_result.csv,C,0,0,0,감축,비핵심보험[C] 소요無→0,gray,재고불요,FM Main Motor,상시,,,,,0,0;0;0;0;0;0;0;0;0;0;0;0;0;0;0;0;0;0;0;0;0;0;0;0
Q1010099,SEO26FF,계획품,classification_result.csv,C,0,0,0,감축,계획품 원칙0(비핵심설비→수리일정발주),gray,재고불요,,상시,,,,,2,0;0;13;0;0;0;0;0;0;0;0;0;0;0;0;0;0;0;0;0;0;0;0;0
Q1010193,SEO26FF,계획품,master.csv,C,0,0,0,감축,계획품 원칙0(비핵심설비→수리일정발주),gray,재고불요,,상시,,,,,1,0;0;0;0;0;0;0;0;0;0;0;0;0;0;0;0;0;0;0;0;0;0;30;0
Q1010224,SEO26FF,보험품,classification_result.csv,C,3,0,0,감축,"비핵심보험[C] μ_LT+SS(Z1.28)=3,상한7→3",gray,충분,,상시,,,,,0,0;0;0;0;0;0;0;0;0;0;0;0;0;0;0;0;0;0;0;0;0;0;0;0
Q1010299,SEO26FF,보험품,master.csv,B,7,3,717270,발주,"비핵심보험[B] μ_LT+SS(Z1.65)=7,상한10→7",yellow,발주임박,,상시,,,,,1,0;0;0;0;0;0;0;0;0;0;0;0;0;0;4;0;0;0;0;0;0;0;0;0
Q1011982,SEO26FF,계획품,master.csv,B,0,0,0,감축,계획품 원칙0(비핵심설비→수리일정발주),gray,재고불요,,상시,,,,,2,0;0;0;0;0;0;0;30;0;0;0;0;0;0;0;0;0;0;100;0;0;0;0;0
Q1012773,SEO26FF,계획품,master.csv,B,0,0,0,감축,계획품 원칙0(비핵심설비→수리일정발주),gray,재고불요,,상시,,,,,1,0;0;0;0;0;0;0;0;0;0;0;0;2;0;0;0;0;0;0;0;0;0;0;0
Q1012781,SEO26FF,보험품,master.csv,B,100,50,206750,발주,"비핵심보험[B] μ_LT+SS(Z1.65)=100,상한200→100",yellow,발주임박,,상시,,,,,0,0;0;0;0;0;0;0;0;0;0;0;0;0;0;0;0;0;0;0;0;0;0;0;0
Q1015021,SEO26FF,보험품,classification_result.csv,C,24,0,0,감축,"비핵심보험[C] μ_LT+SS(Z1.28)=24,상한0→24",gray,충분,,상시,,,,,0,0;0;0;0;0;0;0;0;0;0;0;0;0;0;0;0;0;0;0;0;0;0;0;0
Q1018930,SEO26FF,보험품,master.csv,C,0,0,0,감축,비핵심보험[C] 소요無→0,gray,재고불요,,상시,,,,,0,0;0;0;0;0;0;0;0;0;0;0;0;0;0;0;0;0;0;0;0;0;0;0;0
Q1019015,SEO26FF,보험품,master.csv,A,3,2,1019898,발주,"비핵심보험[A] μ_LT+SS(Z2.05)=3,상한5→3",red,즉시발주,,상시,,,,,3,0;0;1;0;0;0;0;0;0;0;0;0;0;0;0;0;0;0;0;0;1;1;0;0
Q1019385,SEO26FF,계획품,master.csv,S,0,0,0,감축,핵심설비 계획품이나 소요비활발(λ0.4)→0,gray,재고불요,,상시,,,,,3,0;0;2;4;0;0;0;0;0;0;0;2;0;0;0;0;0;0;0;0;0;0;0;0
Q1019683,SEO26FF,보험품,master.csv,A,7,5,50246625,발주,"비핵심보험[A] μ_LT+SS(Z2.05)=7,상한9→7",red,즉시발주,,상시,,,,,8,6;1;0;0;0;1;2;0;1;0;0;0;0;0;0;1;0;0;0;0;0;0;0;0
Q1019689,SEO26FF,계획품,master.csv,A,0,0,0,감축,계획품 원칙0(비핵심설비→수리일정발주),gray,재고불요,,상시,,,,,0,0;0;0;0;0;0;0;0;0;0;0;0;0;0;0;0;0;0;0;0;0;0;0;0
Q1019695,SEO26FF,계획품,master.csv,A,0,0,0,감축,계획품 원칙0(비핵심설비→수리일정발주),gray,재고불요,,상시,,,,,4,0;0;6;0;0;0;2;0;0;0;0;2;0;0;0;0;0;0;0;0;0;0;0;0
Q1019962,SEO26FF,보험품,master.csv,C,1,0,0,유지,"비핵심보험[C] μ_LT+SS(Z1.28)=1,상한0→1",green,여유,,상시,,,,,0,0;0;0;0;0;0;0;0;0;0;0;0;0;0;0;0;0;0;0;0;0;0;0;0
Q1020094,SEO26FF,계획품,master.csv,B,0,0,0,감축,계획품 원칙0(비핵심설비→수리일정발주),gray,재고불요,,상시,,,,,1,0;0;2;0;0;0;0;0;0;0;0;0;0;0;0;0;0;0;0;0;0;0;0;0
Q1020168,SEO26FF,보험품,master.csv,C,6,4,13173009,발주,"비핵심보험[C] μ_LT+SS(Z1.28)=6,상한12→6",red,즉시발주,,상시,,,,,1,2;0;0;0;0;0;0;0;0;0;0;0;0;0;0;0;0;0;0;0;0;0;0;0
Q1020996,SEO26FF,보험품,master.csv,B,0,0,0,감축,비핵심보험[B] 소요無→0,gray,재고불요,,상시,,,,,0,0;0;0;0;0;0;0;0;0;0;0;0;0;0;0;0;0;0;0;0;0;0;0;0
Q1021614,SEO26FF,계획품,classification_result.csv,B,0,0,0,감축,계획품 원칙0(비핵심설비→수리일정발주),gray,재고불요,,상시,,,,,1,0;0;0;0;0;0;0;0;0;3;0;0;0;0;0;0;0;0;0;0;0;0;0;0
Q1021836,SEO26FF,계획품,classification_result.csv,C,0,0,0,감축,계획품 원칙0(비핵심설비→수리일정발주),gray,재고불요,,상시,,,,,2,0;0;0;0;0;0;0;0;100;0;0;0;0;0;0;0;0;0;1;0;0;0;0;0
Q1021920,SEO26FF,계획품,classification_result.csv,C,0,0,0,감축,계획품 원칙0(비핵심설비→수리일정발주),gray,재고불요,,상시,,,,,3,0;0;0;0;0;0;5;0;0;0;2;0;0;0;0;0;0;0;6;0;0;0;0;0
Q1021932,SEO26FF,계획품,classification_result.csv,C,0,0,0,감축,계획품 원칙0(비핵심설비→수리일정발주),gray,재고불요,,상시,,,,,2,0;0;0;0;0;0;0;0;0;0;0;0;0;0;0;0;0;0;4;0;0;0;0;0
Q1023561,SEO26FF,보험품,classification_result.csv,B,7,0,0,감축,"비핵심보험[B] μ_LT+SS(Z1.65)=7,상한22→7",gray,충분,,상시,,,,,1,0;0;0;0;0;0;0;0;0;6;0;0;0;0;0;0;0;0;0;0;0;0;0;0
Q1023576,SEO26FF,보험품,classification_result.csv,C,3,2,24880,발주,"비핵심보험[C] μ_LT+SS(Z1.28)=3,상한3→3",red,즉시발주,,상시,,,,,1,0;0;0;0;0;0;0;0;0;0;0;0;0;0;0;3;0;0;0;0;0;0;0;0
Q1024150,SEO26FF,보험품,classification_result.csv,B,6,0,0,감축,"비핵심보험[B] μ_LT+SS(Z1.65)=6,상한10→6",gray,충분,,상시,,,,,0,0;0;0;0;0;0;0;0;0;0;0;0;0;0;0;0;0;0;0;0;0;0;0;0
Q1024335,SEO26FF,계획품,classification_result.csv,C,0,0,0,감축,계획품 원칙0(비핵심설비→수리일정발주),gray,재고불요,,상시,,,,,2,0;0;0;0;0;0;0;1;0;0;0;0;0;0;0;0;0;0;0;1;0;0;0;0
Q1024603,SEO26FF,보험품,classification_result.csv,B,11,0,0,감축,"비핵심보험[B] μ_LT+SS(Z1.65)=11,상한40→11",gray,충분,,상시,,,,,0,0;0;0;0;0;0;0;0;0;0;0;0;0;0;0;0;0;0;0;0;0;0;0;0
Q1024620,SEO26FF,보험품,classification_result.csv,B,12,2,21666,발주,"비핵심보험[B] μ_LT+SS(Z1.65)=12,상한40→12",yellow,발주임박,,상시,,,,,1,0;0;20;0;0;0;0;0;0;0;0;0;0;0;0;0;0;0;0;0;0;0;0;0
Q1029602,SEO26FF,계획품,classification_result.csv,A,0,0,0,감축,핵심설비 계획품이나 소요비활발(λ0.3)→0,gray,재고충분,FM Spindle 감속기,대수리,2026-09-04,2026-05-10,-116,0,1,0;0;0;0;0;0;0;0;0;0;0;0;2;0;0;0;0;0;0;0;0;0;0;0
Q1029614,SEO26FF,계획품,classification_result.csv,A,0,0,0,감축,핵심설비 계획품이나 소요비활발(λ0.2)→0,gray,재고충분,FM Spindle 감속기,대수리,2026-09-04,2026-05-15,-111,0,1,0;0;1;0;0;0;0;0;0;0;0;0;0;0;0;0;0;0;0;0;0;0;0;0
Q1029653,SEO26FF,보험품,classification_result.csv,A,1,0,0,감축,핵심보험[A] 소요無→기준1,gray,충분,FM Crop Shear,상시,,,,,0,0;0;0;0;0;0;0;0;0;0;0;0;0;0;0;0;0;0;0;0;0;0;0;0
Q1029662,SEO26FF,보험품,classification_result.csv,C,2,0,0,감축,"비핵심보험[C] μ_LT+SS(Z1.28)=2,상한5→2",gray,충분,,상시,,,,,1,1;0;0;0;0;0;0;0;0;0;0;0;0;0;0;0;0;0;0;0;0;0;0;0
Q1029893,SEO26FF,계획품,master.csv,C,0,0,0,감축,계획품 원칙0(비핵심설비→수리일정발주),gray,재고불요,,상시,,,,,1,0;0;0;0;0;0;0;0;0;0;0;0;0;0;1;0;0;0;0;0;0;0;0;0
Q1030043,SEO26FF,보험품,classification_result.csv,A,1,0,0,유지,"핵심보험[A] μ_LT+SS(Z2.05)=1,상한1,기준1→1",green,여유,FM Spindle 감속기,상시,,,,,1,0;1;0;0;0;0;0;0;0;0;0;0;0;0;0;0;0;0;0;0;0;0;0;0
Q1030044,SEO26FF,계획품,master.csv,A,0,0,0,감축,핵심설비 계획품이나 소요비활발(λ0.2)→0,gray,재고충분,FM Spindle 감속기,대수리,2026-09-04,2026-05-04,-122,0,1,0;1;0;0;0;0;0;0;0;0;0;0;0;0;0;0;0;0;0;0;0;0;0;0
Q1030453,SEO26FF,계획품,classification_result.csv,C,0,0,0,감축,계획품 원칙0(비핵심설비→수리일정발주),gray,재고불요,,상시,,,,,2,0;4;0;0;6;0;0;0;0;0;0;0;0;0;0;0;0;0;0;0;0;0;0;0
Q1031104,SEO26FF,계획품,classification_result.csv,B,0,0,0,감축,계획품 원칙0(비핵심설비→수리일정발주),gray,재고불요,,상시,,,,,0,0;0;0;0;0;0;0;0;0;0;0;0;0;0;0;0;0;0;0;0;0;0;0;0
Q1031233,SEO26FF,보험품,classification_result.csv,A,5,3,5071044,발주,"비핵심보험[A] μ_LT+SS(Z2.05)=5,상한6→5",red,즉시발주,,상시,,,,,2,0;0;0;0;0;0;0;0;0;3;0;1;0;0;0;0;0;0;0;0;0;0;0;0
Q1031361,SEO26FF,계획품,master.csv,C,0,0,0,감축,계획품 원칙0(비핵심설비→수리일정발주),gray,재고불요,,상시,,,,,5,0;0;1;2;4;0;1;0;0;0;0;0;0;0;0;0;0;0;0;0;0;0;0;0
Q1031708,SEO26FF,보험품,master.csv,B,1,0,0,유지,"비핵심보험[B] μ_LT+SS(Z1.65)=1,상한0→1",green,여유,FM Main Motor,상시,,,,,0,0;0;0;0;0;0;0;0;0;0;0;0;0;0;0;0;0;0;0;0;0;0;0;0
Q1032182,SEO26FF,보험품,classification_result.csv,A,2,1,558639,발주,"핵심보험[A] μ_LT+SS(Z2.05)=2,상한2,기준1→2",yellow,발주임박,FM Roll Alignment,상시,,,,,1,0;0;0;0;0;0;0;0;0;0;0;0;0;0;0;0;0;0;0;0;1;0;0;0
Q1032374,SEO26FF,보험품,classification_result.csv,S,3,3,625842,발주,"핵심보험[S] μ_LT+SS(Z2.58)=3,상한4,기준2→3",red,즉시발주,,상시,,,,,0,0;0;0;0;0;0;0;0;0;0;0;0;0;0;0;0;0;0;0;0;0;0;0;0
Q1033612,SEO26FF,보험품,classification_result.csv,B,1,0,0,감축,"비핵심보험[B] μ_LT+SS(Z1.65)=1,상한0→1",gray,충분,,상시,,,,,0,0;0;0;0;0;0;0;0;0;0;0;0;0;0;0;0;0;0;0;0;0;0;0;0
Q1033796,SEO26FF,계획품,master.csv,B,0,0,0,감축,계획품 원칙0(비핵심설비→수리일정발주),gray,재고불요,,상시,,,,,0,0;0;0;0;0;0;0;0;0;0;0;0;0;0;0;0;0;0;0;0;0;0;0;0
Q1033995,SEO26FF,계획품,classification_result.csv,A,0,0,0,감축,계획품 원칙0(비핵심설비→수리일정발주),gray,재고불요,,상시,,,,,2,0;0;0;0;0;0;0;0;0;0;0;0;1;0;0;0;1;0;0;0;0;0;0;0
Q1034231,SEO26FF,보험품,classification_result.csv,A,3,0,0,유지,"비핵심보험[A] μ_LT+SS(Z2.05)=3,상한4→3",green,여유,,상시,,,,,2,0;0;0;0;0;1;0;0;0;0;0;0;1;0;0;0;0;0;0;0;0;0;0;0
Q1034310,SEO26FF,보험품,classification_result.csv,C,4,2,639626,발주,"비핵심보험[C] μ_LT+SS(Z1.28)=4,상한15→4",yellow,발주임박,,상시,,,,,0,0;0;0;0;0;0;0;0;0;0;0;0;0;0;0;0;0;0;0;0;0;0;0;0
Q1034397,SEO26FF,계획품,classification_result.csv,B,0,0,0,감축,계획품 원칙0(비핵심설비→수리일정발주),gray,재고충분,FM Main Motor,대수리,2026-09-04,2026-04-17,-139,0,2,0;0;0;0;1;0;0;0;0;2;0;0;0;0;0;0;0;0;0;0;0;0;0;0
Q1035525,SEO26FF,계획품,classification_result.csv,C,0,0,0,감축,계획품 원칙0(비핵심설비→수리일정발주),gray,재고불요,,상시,,,,,9,2;0;4;0;2;0;0;3;0;5;0;3;0;0;3;0;3;0;0;0;0;0;0;0
Q1036694,SEO26FF,계획품,classification_result.csv,C,0,0,0,감축,계획품 원칙0(비핵심설비→수리일정발주),gray,재고불요,,상시,,,,,0,0;0;0;0;0;0;0;0;0;0;0;0;0;0;0;0;0;0;0;0;0;0;0;0
Q1036702,SEO26FF,보험품,classification_result.csv,C,2,0,0,감축,"비핵심보험[C] μ_LT+SS(Z1.28)=2,상한3→2",gray,충분,,상시,,,,,0,0;0;0;0;0;0;0;0;0;0;0;0;0;0;0;0;0;0;0;0;0;0;0;0
Q1036822,SEO26FF,보험품,classification_result.csv,B,2,0,0,유지,"비핵심보험[B] μ_LT+SS(Z1.65)=2,상한3→2",green,여유,,상시,,,,,2,2;0;0;0;0;0;0;0;0;0;0;0;0;0;0;0;0;0;0;0;0;1;0;0
Q1036844,SEO26FF,계획품,classification_result.csv,C,0,0,0,감축,계획품 원칙0(비핵심설비→수리일정발주),gray,재고불요,,상시,,,,,2,0;2;2;0;0;0;0;0;0;0;0;0;0;0;0;0;0;0;0;0;0;0;0;0
Q1036971,SEO26FF,계획품,master.csv,C,0,0,0,감축,계획품 원칙0(비핵심설비→수리일정발주),gray,재고불요,,상시,,,,,2,0;0;0;0;0;0;0;0;0;0;0;0;0;0;4;12;0;0;0;0;0;0;0;0
Q1039075,SEO26FF,계획품,classification_result.csv,B,0,0,0,감축,계획품 원칙0(비핵심설비→수리일정발주),gray,재고불요,,상시,,,,,3,0;0;1;0;0;0;0;0;0;0;0;0;0;0;0;0;2;0;0;0;0;0;0;0
Q1039284,SEO26FF,보험품,classification_result.csv,S,2,2,10870000,발주,"핵심보험[S] μ_LT+SS(Z2.58)=2,상한2,기준1→2",red,즉시발주,,상시,,,,,0,0;0;0;0;0;0;0;0;0;0;0;0;0;0;0;0;0;0;0;0;0;0;0;0
Q1039371,SEO26FF,보험품,classification_result.csv,S,2,1,1179555,발주,"핵심보험[S] μ_LT+SS(Z2.58)=2,상한2,기준1→2",yellow,발주임박,,상시,,,,,1,0;0;0;0;0;0;0;0;0;0;0;0;0;0;0;0;0;1;0;0;0;0;0;0
Q1039945,SEO26FF,계획품,classification_result.csv,C,0,0,0,감축,계획품 원칙0(비핵심설비→수리일정발주),gray,재고불요,,상시,,,,,2,0;0;3;0;0;0;0;0;0;0;0;0;0;0;1;0;0;0;0;0;0;0;0;0
Q1039948,SEO26FF,계획품,classification_result.csv,B,0,0,0,감축,계획품 원칙0(비핵심설비→수리일정발주),gray,재고불요,,상시,,,,,3,0;0;0;0;0;0;0;0;0;2;0;2;1;0;0;0;0;0;0;0;0;0;0;0
Q1039950,SEO26FF,계획품,classification_result.csv,B,0,0,0,감축,계획품 원칙0(비핵심설비→수리일정발주),gray,재고불요,,상시,,,,,3,0;0;0;0;0;0;0;1;0;2;0;0;0;0;0;0;0;0;0;0;0;0;0;0
Q1039951,SEO26FF,계획품,master.csv,C,0,0,0,감축,계획품 원칙0(비핵심설비→수리일정발주),gray,재고불요,,상시,,,,,5,0;0;0;0;1;0;0;0;0;2;0;0;0;1;0;0;0;0;1;0;0;0;0;0
Q1040012,SEO26FF,계획품,classification_result.csv,S,0,0,0,유지,핵심설비 계획품이나 3년무소요→0,gray,재고불요,,상시,,,,,0,0;0;0;0;0;0;0;0;0;0;0;0;0;0;0;0;0;0;0;0;0;0;0;0
Q1040051,SEO26FF,보험품,classification_result.csv,S,2,1,3630000,발주,"핵심보험[S] μ_LT+SS(Z2.58)=2,상한2,기준2→2",yellow,발주임박,,상시,,,,,3,0;0;0;0;1;0;0;0;0;0;1;0;0;0;0;1;0;0;0;0;0;0;0;0
Q1040053,SEO26FF,계획품,master.csv,B,0,0,0,감축,계획품 원칙0(비핵심설비→수리일정발주),gray,재고불요,,상시,,,,,9,1;0;2;0;0;1;0;0;0;1;1;0;0;0;0;3;0;0;0;0;0;3;0;0
Q1040054,SEO26FF,보험품,master.csv,B,2,0,0,유지,"비핵심보험[B] μ_LT+SS(Z1.65)=2,상한3→2",green,여유,,상시,,,,,1,0;0;0;0;0;0;0;0;0;0;1;0;0;0;0;0;0;0;0;0;0;0;0;0
Q1040058,SEO26FF,계획품,classification_result.csv,B,0,0,0,감축,계획품 원칙0(비핵심설비→수리일정발주),gray,재고불요,,상시,,,,,3,0;1;0;0;0;0;0;0;0;0;0;0;0;2;0;0;0;0;0;0;0;0;0;0
Q1040060,SEO26FF,보험품,classification_result.csv,A,9,2,1260000,발주,"비핵심보험[A] μ_LT+SS(Z2.05)=9,상한20→9",yellow,발주임박,,상시,,,,,1,0;0;0;0;0;0;0;0;0;0;0;0;0;0;0;0;0;0;0;0;0;0;1;0
Q1040061,SEO26FF,보험품,master.csv,C,4,0,0,유지,"비핵심보험[C] μ_LT+SS(Z1.28)=4,상한10→4",green,여유,,상시,,,,,3,0;0;0;0;0;0;3;0;1;0;0;0;1;0;0;0;0;0;0;0;0;0;0;0
Q1040065,SEO26FF,계획품,master.csv,B,0,0,0,감축,계획품 원칙0(비핵심설비→수리일정발주),gray,재고불요,,상시,,,,,2,0;0;0;0;0;0;0;0;0;0;0;0;0;1;0;0;0;0;0;0;0;0;1;0
Q1040129,SEO26FF,보험품,classification_result.csv,B,3,0,0,유지,"비핵심보험[B] μ_LT+SS(Z1.65)=3,상한4→3",green,여유,,상시,,,,,1,0;0;0;0;0;0;0;0;0;0;0;0;0;0;0;0;0;0;0;0;0;0;1;0
Q1040224,SEO26FF,계획품,classification_result.csv,S,0,0,0,유지,핵심설비 계획품이나 3년무소요→0,gray,재고불요,,상시,,,,,0,0;0;0;0;0;0;0;0;0;0;0;0;0;0;0;0;0;0;0;0;0;0;0;0
Q1040225,SEO26FF,보험품,classification_result.csv,S,2,2,10523682,발주,"핵심보험[S] μ_LT+SS(Z2.58)=2,상한2,기준2→2",red,즉시발주,,상시,,,,,0,0;0;0;0;0;0;0;0;0;0;0;0;0;0;0;0;0;0;0;0;0;0;0;0
Q1040312,SEO26FF,보험품,master.csv,S,4,4,4480000,발주,"핵심보험[S] μ_LT+SS(Z2.58)=4,상한4,기준1→4",red,즉시발주,,상시,,,,,2,0;0;0;0;0;0;0;0;0;1;0;0;0;1;0;0;0;0;0;0;0;0;0;0
Q1040729,SEO26FF,계획품,classification_result.csv,C,0,0,0,감축,계획품 원칙0(비핵심설비→수리일정발주),gray,재고불요,,상시,,,,,0,0;0;0;0;0;0;0;0;0;0;0;0;0;0;0;0;0;0;0;0;0;0;0;0
Q1041363,SEO26FF,보험품,classification_result.csv,B,1,0,0,유지,"비핵심보험[B] μ_LT+SS(Z1.65)=1,상한1→1",green,여유,,상시,,,,,0,0;0;0;0;0;0;0;0;0;0;0;0;0;0;0;0;0;0;0;0;0;0;0;0
Q1041364,SEO26FF,보험품,classification_result.csv,C,2,0,0,감축,"비핵심보험[C] μ_LT+SS(Z1.28)=2,상한6→2",gray,충분,,상시,,,,,3,0;0;1;0;0;2;0;0;0;0;0;0;0;0;0;0;0;0;0;0;0;0;0;0
Q1041372,SEO26FF,보험품,classification_result.csv,C,2,0,0,감축,"비핵심보험[C] μ_LT+SS(Z1.28)=2,상한6→2",gray,충분,,상시,,,,,1,0;0;0;0;0;0;0;0;0;0;0;0;0;0;0;0;0;0;0;1;0;0;0;0
Q1042306,SEO26FF,보험품,classification_result.csv,S,3,0,0,유지,"핵심보험[S] μ_LT+SS(Z2.58)=3,상한4,기준1→3",green,여유,,상시,,,,,3,0;0;0;0;0;0;0;0;0;0;0;0;0;1;0;0;0;0;3;0;0;0;0;0
Q1042338,SEO26FF,보험품,classification_result.csv,B,1,0,0,유지,"비핵심보험[B] μ_LT+SS(Z1.65)=1,상한2→1",green,여유,,상시,,,,,3,0;0;1;1;0;0;0;0;0;1;0;0;0;0;0;0;0;0;0;0;0;0;0;0
Q1042383,SEO26FF,보험품,classification_result.csv,B,2,0,0,유지,"비핵심보험[B] μ_LT+SS(Z1.65)=2,상한4→2",green,여유,,상시,,,,,1,0;0;0;0;0;0;0;0;0;0;0;0;0;0;0;0;0;0;0;0;0;1;0;0
Q1042421,SEO26FF,보험품,master.csv,S,1,1,5550000,발주,핵심보험[S] 소요無→기준1,red,즉시발주,,상시,,,,,0,0;0;0;0;0;0;0;0;0;0;0;0;0;0;0;0;0;0;0;0;0;0;0;0
Q1048997,SEO26FF,계획품,classification_result.csv,S,0,0,0,감축,핵심설비 계획품이나 3년무소요→0,gray,재고불요,,상시,,,,,0,0;0;0;0;0;0;0;0;0;0;0;0;0;0;0;0;0;0;0;0;0;0;0;0
Q1049004,SEO26FF,보험품,master.csv,S,1,1,3016846,발주,핵심보험[S] 소요無→기준1,red,즉시발주,,상시,,,,,0,0;0;0;0;0;0;0;0;0;0;0;0;0;0;0;0;0;0;0;0;0;0;0;0
Q1051490,SEO26FF,계획품,classification_result.csv,C,0,0,0,감축,계획품 원칙0(비핵심설비→수리일정발주),gray,재고불요,,상시,,,,,1,0;2;0;0;0;0;0;0;0;0;0;0;0;0;0;0;0;0;0;0;0;0;0;0
Q1052919,SEO26FF,보험품,classification_result.csv,C,3,1,39000,발주,"비핵심보험[C] μ_LT+SS(Z1.28)=3,상한8→3",yellow,발주임박,,상시,,,,,4,0;2;0;0;0;0;0;0;0;0;4;0;0;0;0;2;0;0;0;0;0;4;0;0
Q1052933,SEO26FF,보험품,classification_result.csv,C,3,1,27500,발주,"비핵심보험[C] μ_LT+SS(Z1.28)=3,상한10→3",yellow,발주임박,,상시,,,,,3,0;0;0;0;0;0;0;0;0;0;0;0;0;0;0;2;2;0;0;0;0;0;2;0
Q1053112,SEO26FF,계획품,classification_result.csv,A,0,0,0,감축,핵심설비 계획품이나 3년무소요→0,gray,재고불요,,상시,,,,,0,0;0;0;0;0;0;0;0;0;0;0;0;0;0;0;0;0;0;0;0;0;0;0;0
Q1053113,SEO26FF,보험품,classification_result.csv,A,2,0,0,감축,"핵심보험[A] μ_LT+SS(Z2.05)=2,상한4,기준1→2",gray,충분,FM Crop Shear,상시,,,,,0,0;0;0;0;0;0;0;0;0;0;0;0;0;0;0;0;0;0;0;0;0;0;0;0
Q1053117,SEO26FF,계획품,classification_result.csv,C,0,0,0,감축,계획품 원칙0(비핵심설비→수리일정발주),gray,재고불요,,상시,,,,,1,0;0;0;0;0;0;0;0;0;0;0;0;2;0;0;0;0;0;0;0;0;0;0;0
Q1053133,SEO26FF,계획품,classification_result.csv,C,0,0,0,감축,계획품 원칙0(비핵심설비→수리일정발주),gray,재고불요,,상시,,,,,0,0;0;0;0;0;0;0;0;0;0;0;0;0;0;0;0;0;0;0;0;0;0;0;0
Q1053210,SEO26FF,보험품,classification_result.csv,C,3,0,0,유지,"비핵심보험[C] μ_LT+SS(Z1.28)=3,상한4→3",green,여유,,상시,,,,,2,0;0;0;0;0;0;0;0;0;0;4;0;0;0;1;0;0;0;0;0;0;0;0;0
Q1053247,SEO26FF,보험품,classification_result.csv,A,4,0,0,유지,"핵심보험[A] μ_LT+SS(Z2.05)=4,상한6,기준1→4",green,여유,FM Main Motor,상시,,,,,2,0;0;2;0;0;0;0;0;0;0;0;0;6;0;0;0;0;0;0;0;0;0;0;0
Q1053248,SEO26FF,계획품,classification_result.csv,A,0,0,0,감축,핵심설비 계획품이나 소요비활발(λ0.3)→0,gray,재고충분,FM Main Motor,대수리,2026-09-04,2026-06-02,-93,0,1,0;0;2;0;0;0;0;0;0;0;0;0;0;0;0;0;0;0;0;0;0;0;0;0
Q1053287,SEO26FF,보험품,classification_result.csv,A,1,0,0,감축,"핵심보험[A] μ_LT+SS(Z2.05)=1,상한1,기준1→1",gray,충분,FM Main Motor,상시,,,,,1,0;0;0;0;0;0;0;0;0;0;0;0;0;0;1;0;0;0;0;0;0;0;0;0
Q1053317,SEO26FF,계획품,master.csv,A,0,0,0,감축,핵심설비 계획품이나 3년무소요→0,gray,재고충분,FM Main Motor,대수리,2026-09-04,2026-05-17,-109,0,0,0;0;0;0;0;0;0;0;0;0;0;0;0;0;0;0;0;0;0;0;0;0;0;0
Q1053318,SEO26FF,계획품,classification_result.csv,A,0,0,0,감축,핵심설비 계획품이나 3년무소요→0,gray,재고충분,FM Main Motor,대수리,2026-09-04,2026-05-16,-110,0,0,0;0;0;0;0;0;0;0;0;0;0;0;0;0;0;0;0;0;0;0;0;0;0;0
Q1053378,SEO26FF,계획품,master.csv,A,0,0,0,감축,핵심설비 계획품이나 3년무소요→0,gray,재고충분,FM Main Motor,대수리,2026-09-04,2026-05-17,-109,0,0,0;0;0;0;0;0;0;0;0;0;0;0;0;0;0;0;0;0;0;0;0;0;0;0
Q1053392,SEO26FF,계획품,classification_result.csv,C,0,0,0,감축,계획품 원칙0(비핵심설비→수리일정발주),gray,재고불요,,상시,,,,,0,0;0;0;0;0;0;0;0;0;0;0;0;0;0;0;0;0;0;0;0;0;0;0;0
Q1053400,SEO26FF,계획품,classification_result.csv,C,0,0,0,감축,계획품 원칙0(비핵심설비→수리일정발주),gray,재고불요,,상시,,,,,1,0;0;0;0;0;0;0;0;0;0;0;0;0;0;0;1;0;0;0;0;0;0;0;0
Q1053401,SEO26FF,계획품,classification_result.csv,C,0,0,0,감축,계획품 원칙0(비핵심설비→수리일정발주),gray,재고불요,,상시,,,,,2,0;0;0;0;0;0;0;0;0;0;0;0;0;1;0;1;0;0;0;0;0;0;0;0
Q1053468,SEO26FF,계획품,master.csv,C,0,0,0,감축,계획품 원칙0(비핵심설비→수리일정발주),gray,재고불요,,상시,,,,,1,0;0;0;0;0;0;0;0;0;1;0;0;0;0;0;0;0;0;0;0;0;0;0;0
Q1053581,SEO26FF,보험품,classification_result.csv,B,1,0,0,유지,"비핵심보험[B] μ_LT+SS(Z1.65)=1,상한3→1",green,여유,,상시,,,,,1,0;0;1;0;0;0;0;0;0;0;0;0;0;0;0;0;0;0;0;0;0;0;0;0
Q1053588,SEO26FF,보험품,classification_result.csv,C,4,0,0,유지,"비핵심보험[C] μ_LT+SS(Z1.28)=4,상한8→4",green,여유,,상시,,,,,4,0;0;2;0;0;0;2;0;0;0;0;0;0;0;0;0;0;0;0;0;0;2;2;0
Q1053590,SEO26FF,보험품,classification_result.csv,C,2,0,0,감축,"비핵심보험[C] μ_LT+SS(Z1.28)=2,상한4→2",gray,충분,,상시,,,,,4,0;2;0;0;0;0;2;0;0;0;0;0;0;0;0;0;0;0;0;0;0;2;2;0
Q1071793,SEO26FF,보험품,classification_result.csv,S,25,25,1908725,발주,"핵심보험[S] μ_LT+SS(Z2.58)=25,상한32,기준6→25",red,즉시발주,,상시,,,,,1,0;0;0;0;0;0;0;0;0;0;0;0;0;0;0;0;0;0;0;0;16;0;0;0
Q1072616,SEO26FF,계획품,classification_result.csv,B,0,0,0,감축,계획품 원칙0(비핵심설비→수리일정발주),gray,재고불요,,상시,,,,,0,0;0;0;0;0;0;0;0;0;0;0;0;0;0;0;0;0;0;0;0;0;0;0;0
Q1072668,SEO26FF,보험품,classification_result.csv,C,0,0,0,감축,비핵심보험[C] 소요無→0,gray,재고불요,,상시,,,,,0,0;0;0;0;0;0;0;0;0;0;0;0;0;0;0;0;0;0;0;0;0;0;0;0
Q1072820,SEO26FF,보험품,master.csv,B,3,1,96000,발주,"비핵심보험[B] μ_LT+SS(Z1.65)=3,상한4→3",yellow,발주임박,,상시,,,,,2,0;0;0;0;0;0;4;0;0;0;0;0;0;0;0;0;0;0;0;0;0;0;2;0
Q1072821,SEO26FF,보험품,classification_result.csv,C,4,0,0,유지,"비핵심보험[C] μ_LT+SS(Z1.28)=4,상한10→4",green,여유,,상시,,,,,3,0;0;0;0;0;0;4;0;0;2;0;0;0;0;0;0;0;0;0;0;0;0;2;0
Q1072836,SEO26FF,계획품,classification_result.csv,B,0,0,0,감축,계획품 원칙0(비핵심설비→수리일정발주),gray,재고충분,FM Main Motor,대수리,2026-09-04,2026-04-20,-136,0,1,0;0;0;0;0;0;0;0;0;0;2;0;0;0;0;0;0;0;0;0;0;0;0;0
Q1072889,SEO26FF,계획품,master.csv,C,0,0,0,감축,계획품 원칙0(비핵심설비→수리일정발주),gray,재고불요,,상시,,,,,1,4;0;0;0;0;0;0;0;0;0;0;0;0;0;0;0;0;0;0;0;0;0;0;0
Q1072924,SEO26FF,계획품,master.csv,C,0,0,0,감축,계획품 원칙0(비핵심설비→수리일정발주),gray,재고불요,,상시,,,,,1,2;0;0;0;0;0;0;0;0;0;0;0;0;0;0;0;0;0;0;0;0;0;0;0
Q1072926,SEO26FF,계획품,classification_result.csv,B,0,0,0,감축,계획품 원칙0(비핵심설비→수리일정발주),gray,재고불요,,상시,,,,,0,0;0;0;0;0;0;0;0;0;0;0;0;0;0;0;0;0;0;0;0;0;0;0;0
Q1072928,SEO26FF,계획품,master.csv,B,0,0,0,감축,계획품 원칙0(비핵심설비→수리일정발주),gray,재고불요,,상시,,,,,0,0;0;0;0;0;0;0;0;0;0;0;0;0;0;0;0;0;0;0;0;0;0;0;0
Q1072930,SEO26FF,계획품,classification_result.csv,B,0,0,0,감축,계획품 원칙0(비핵심설비→수리일정발주),gray,재고불요,,상시,,,,,0,0;0;0;0;0;0;0;0;0;0;0;0;0;0;0;0;0;0;0;0;0;0;0;0
Q1072961,SEO26FF,보험품,classification_result.csv,C,2,0,0,감축,"비핵심보험[C] μ_LT+SS(Z1.28)=2,상한3→2",gray,충분,,상시,,,,,1,0;0;1;0;0;0;0;0;0;0;0;0;0;0;0;0;0;0;0;0;0;0;0;0
Q1072973,SEO26FF,보험품,classification_result.csv,C,9,0,0,감축,"비핵심보험[C] μ_LT+SS(Z1.28)=9,상한16→9",gray,충분,,상시,,,,,2,16;0;0;0;0;0;0;0;0;0;0;2;0;0;0;0;0;0;0;0;0;0;0;0
Q1072995,SEO26FF,계획품,classification_result.csv,A,0,0,0,감축,핵심설비 계획품이나 3년무소요→0,gray,재고충분,FM Roll Alignment,대수리,2026-09-04,2026-05-17,-109,0,0,0;0;0;0;0;0;0;0;0;0;0;0;0;0;0;0;0;0;0;0;0;0;0;0
Q1073040,SEO26FF,계획품,classification_result.csv,B,0,0,0,감축,계획품 원칙0(비핵심설비→수리일정발주),gray,재고불요,,상시,,,,,1,0;0;1;0;0;0;0;0;0;0;0;0;0;0;0;0;0;0;0;0;0;0;0;0
Q1073119,SEO26FF,보험품,master.csv,S,1,1,6502210,발주,"핵심보험[S] μ_LT+SS(Z2.58)=1,상한2,기준1→1",red,즉시발주,,상시,,,,,0,0;0;0;0;0;0;0;0;0;0;0;0;0;0;0;0;0;0;0;0;0;0;0;0
Q1073183,SEO26FF,보험품,classification_result.csv,B,0,0,0,감축,비핵심보험[B] 소요無→0,gray,재고불요,,상시,,,,,0,0;0;0;0;0;0;0;0;0;0;0;0;0;0;0;0;0;0;0;0;0;0;0;0
Q1073184,SEO26FF,보험품,classification_result.csv,B,0,0,0,감축,비핵심보험[B] 소요無→0,gray,재고불요,,상시,,,,,0,0;0;0;0;0;0;0;0;0;0;0;0;0;0;0;0;0;0;0;0;0;0;0;0
Q1073185,SEO26FF,보험품,classification_result.csv,S,24,24,1778496,발주,"핵심보험[S] μ_LT+SS(Z2.58)=24,상한28,기준6→24",red,즉시발주,,상시,,,,,1,0;0;0;0;0;0;0;0;0;0;0;0;0;0;0;0;0;0;0;8;0;0;0;0
Q1073210,SEO26FF,계획품,classification_result.csv,C,0,0,0,감축,계획품 원칙0(비핵심설비→수리일정발주),gray,재고불요,,상시,,,,,0,0;0;0;0;0;0;0;0;0;0;0;0;0;0;0;0;0;0;0;0;0;0;0;0
Q1073215,SEO26FF,계획품,classification_result.csv,C,0,0,0,감축,계획품 원칙0(비핵심설비→수리일정발주),gray,재고불요,,상시,,,,,0,0;0;0;0;0;0;0;0;0;0;0;0;0;0;0;0;0;0;0;0;0;0;0;0
Q1073256,SEO26FF,보험품,classification_result.csv,B,2,0,0,감축,"비핵심보험[B] μ_LT+SS(Z1.65)=2,상한2→2",gray,충분,,상시,,,,,3,0;0;0;0;0;2;2;0;0;0;2;0;0;0;0;0;0;0;0;0;0;0;0;0
Q1073310,SEO26FF,계획품,classification_result.csv,B,0,0,0,감축,계획품 원칙0(비핵심설비→수리일정발주),gray,재고불요,,상시,,,,,1,0;0;0;0;0;0;0;0;0;1;0;0;0;0;0;0;0;0;0;0;0;0;0;0
Q1073416,SEO26FF,보험품,classification_result.csv,S,24,24,1832376,발주,"핵심보험[S] μ_LT+SS(Z2.58)=24,상한30,기준6→24",red,즉시발주,,상시,,,,,1,0;0;12;0;0;0;0;0;0;0;0;0;0;0;0;0;0;0;0;0;0;0;0;0
Q1073449,SEO26FF,계획품,classification_result.csv,C,0,0,0,감축,계획품 원칙0(비핵심설비→수리일정발주),gray,재고불요,,상시,,,,,0,0;0;0;0;0;0;0;0;0;0;0;0;0;0;0;0;0;0;0;0;0;0;0;0
Q1073453,SEO26FF,보험품,classification_result.csv,S,21,21,1603329,발주,"핵심보험[S] μ_LT+SS(Z2.58)=21,상한30,기준6→21",red,즉시발주,,상시,,,,,0,0;0;0;0;0;0;0;0;0;0;0;0;0;0;0;0;0;0;0;0;0;0;0;0
Q1073553,SEO26FF,계획품,classification_result.csv,B,0,0,0,감축,계획품 원칙0(비핵심설비→수리일정발주),gray,재고불요,,상시,,,,,1,0;0;0;0;0;0;0;0;4;0;0;0;0;0;0;0;0;0;0;0;0;0;0;0
Q1073590,SEO26FF,보험품,classification_result.csv,C,15,7,864500,발주,"비핵심보험[C] μ_LT+SS(Z1.28)=15,상한32→15",yellow,발주임박,,상시,,,,,1,0;0;0;0;0;0;0;0;16;0;0;0;0;0;0;0;0;0;0;0;0;0;0;0
Q1073594,SEO26FF,계획품,classification_result.csv,C,0,0,0,감축,계획품 원칙0(비핵심설비→수리일정발주),gray,재고불요,,상시,,,,,0,0;0;0;0;0;0;0;0;0;0;0;0;0;0;0;0;0;0;0;0;0;0;0;0
Q1073859,SEO26FF,보험품,master.csv,C,1,0,0,유지,"비핵심보험[C] μ_LT+SS(Z1.28)=1,상한2→1",green,여유,,상시,,,,,1,0;0;1;0;0;0;0;0;0;0;0;0;0;0;0;0;0;0;0;0;0;0;0;0
Q1073865,SEO26FF,보험품,master.csv,C,0,0,0,감축,비핵심보험[C] 소요無→0,gray,재고불요,,상시,,,,,0,0;0;0;0;0;0;0;0;0;0;0;0;0;0;0;0;0;0;0;0;0;0;0;0
Q1073866,SEO26FF,계획품,classification_result.csv,C,0,0,0,감축,계획품 원칙0(비핵심설비→수리일정발주),gray,재고불요,,상시,,,,,0,0;0;0;0;0;0;0;0;0;0;0;0;0;0;0;0;0;0;0;0;0;0;0;0
Q1073870,SEO26FF,계획품,classification_result.csv,C,0,0,0,감축,계획품 원칙0(비핵심설비→수리일정발주),gray,재고불요,,상시,,,,,0,0;0;0;0;0;0;0;0;0;0;0;0;0;0;0;0;0;0;0;0;0;0;0;0
Q1074634,SEO26FF,보험품,classification_result.csv,S,2,2,126304000,발주,"핵심보험[S] μ_LT+SS(Z2.58)=1,상한0,기준2→2",red,즉시발주,,상시,,,,,0,0;0;0;0;0;0;0;0;0;0;0;0;0;0;0;0;0;0;0;0;0;0;0;0
Q1074772,SEO26FF,보험품,classification_result.csv,S,4,4,208620000,발주,핵심보험[S] 소요無→기준4,red,즉시발주,,상시,,,,,0,0;0;0;0;0;0;0;0;0;0;0;0;0;0;0;0;0;0;0;0;0;0;0;0
Q1076627,SEO26FF,계획품,master.csv,B,0,0,0,감축,계획품 원칙0(비핵심설비→수리일정발주),gray,재고불요,,상시,,,,,2,0;0;0;0;0;0;0;0;0;0;0;2;0;0;0;0;0;0;0;0;0;0;0;0
Q1076630,SEO26FF,보험품,classification_result.csv,B,2,0,0,유지,"비핵심보험[B] μ_LT+SS(Z1.65)=2,상한3→2",green,여유,,상시,,,,,3,3;0;0;0;0;0;0;0;0;0;0;0;0;0;0;0;0;0;0;0;0;1;0;0
Q1077285,SEO26FF,계획품,classification_result.csv,B,0,0,0,감축,계획품 원칙0(비핵심설비→수리일정발주),gray,재고불요,,상시,,,,,1,10;0;0;0;0;0;0;0;0;0;0;0;0;0;0;0;0;0;0;0;0;0;0;0
Q1077340,SEO26FF,계획품,classification_result.csv,C,0,0,0,감축,계획품 원칙0(비핵심설비→수리일정발주),gray,재고불요,,상시,,,,,0,0;0;0;0;0;0;0;0;0;0;0;0;0;0;0;0;0;0;0;0;0;0;0;0
Q1077367,SEO26FF,계획품,classification_result.csv,C,0,0,0,감축,계획품 원칙0(비핵심설비→수리일정발주),gray,재고불요,,상시,,,,,0,0;0;0;0;0;0;0;0;0;0;0;0;0;0;0;0;0;0;0;0;0;0;0;0
Q1077400,SEO26FF,계획품,classification_result.csv,A,0,0,0,감축,핵심설비 계획품이나 3년무소요→0,gray,재고충분,FM Roll Alignment,대수리,2026-09-04,2026-05-10,-116,0,0,0;0;0;0;0;0;0;0;0;0;0;0;0;0;0;0;0;0;0;0;0;0;0;0
Q1077476,SEO26FF,계획품,classification_result.csv,C,0,0,0,감축,핵심설비 계획품이나 3년무소요→0,gray,재고충분,FM Spindle 감속기,대수리,2026-09-04,2026-04-19,-137,0,0,0;0;0;0;0;0;0;0;0;0;0;0;0;0;0;0;0;0;0;0;0;0;0;0
Q1077486,SEO26FF,계획품,classification_result.csv,C,0,0,0,감축,계획품 원칙0(비핵심설비→수리일정발주),gray,재고불요,,상시,,,,,0,0;0;0;0;0;0;0;0;0;0;0;0;0;0;0;0;0;0;0;0;0;0;0;0
Q1077487,SEO26FF,보험품,classification_result.csv,C,3,0,0,감축,"비핵심보험[C] μ_LT+SS(Z1.28)=3,상한6→3",gray,충분,,상시,,,,,0,0;0;0;0;0;0;0;0;0;0;0;0;0;0;0;0;0;0;0;0;0;0;0;0
Q1077622,SEO26FF,계획품,master.csv,S,0,0,0,감축,핵심설비 계획품이나 소요비활발(λ0.5)→0,gray,재고충분,FM Roll Alignment,대수리,2026-09-04,2026-03-29,-158,0,0,0;0;0;0;0;0;0;0;0;0;0;0;0;0;0;0;0;0;0;0;0;0;0;0
Q1077624,SEO26FF,보험품,master.csv,B,1,0,0,유지,"비핵심보험[B] μ_LT+SS(Z1.65)=2,상한1→1",green,여유,,상시,,,,,1,0;0;0;0;0;0;1;0;0;0;0;0;0;0;0;0;0;0;0;0;0;0;0;0
Q1077646,SEO26FF,계획품,classification_result.csv,B,0,0,0,감축,계획품 원칙0(비핵심설비→수리일정발주),gray,재고불요,,상시,,,,,0,0;0;0;0;0;0;0;0;0;0;0;0;0;0;0;0;0;0;0;0;0;0;0;0
Q1077670,SEO26FF,보험품,classification_result.csv,B,10,0,0,유지,"비핵심보험[B] μ_LT+SS(Z1.65)=10,상한20→10",green,여유,,상시,,,,,1,0;0;0;0;0;0;6;0;0;0;0;0;0;0;0;0;0;0;0;0;0;0;0;0
Q1077676,SEO26FF,계획품,classification_result.csv,B,0,0,0,감축,계획품 원칙0(비핵심설비→수리일정발주),gray,재고불요,,상시,,,,,0,0;0;0;0;0;0;0;0;0;0;0;0;0;0;0;0;0;0;0;0;0;0;0;0
Q1077684,SEO26FF,보험품,classification_result.csv,C,1,0,0,감축,"비핵심보험[C] μ_LT+SS(Z1.28)=1,상한1→1",gray,충분,,상시,,,,,0,0;0;0;0;0;0;0;0;0;0;0;0;0;0;0;0;0;0;0;0;0;0;0;0
Q1077685,SEO26FF,계획품,classification_result.csv,C,0,0,0,감축,계획품 원칙0(비핵심설비→수리일정발주),gray,재고불요,,상시,,,,,1,0;0;0;0;0;0;0;0;0;0;0;1;0;0;0;0;0;0;0;0;0;0;0;0
Q1077724,SEO26FF,보험품,classification_result.csv,C,3,0,0,감축,"비핵심보험[C] μ_LT+SS(Z1.28)=3,상한4→3",gray,충분,,상시,,,,,0,0;0;0;0;0;0;0;0;0;0;0;0;0;0;0;0;0;0;0;0;0;0;0;0
Q1077747,SEO26FF,계획품,classification_result.csv,B,0,0,0,감축,계획품 원칙0(비핵심설비→수리일정발주),gray,재고불요,,상시,,,,,1,1;0;0;0;0;0;0;0;0;0;0;0;0;0;0;0;0;0;0;0;0;0;0;0
Q1077761,SEO26FF,보험품,classification_result.csv,B,8,1,141000,발주,"비핵심보험[B] μ_LT+SS(Z1.65)=8,상한20→8",yellow,발주임박,,상시,,,,,0,0;0;0;0;0;0;0;0;0;0;0;0;0;0;0;0;0;0;0;0;0;0;0;0
Q1077763,SEO26FF,계획품,classification_result.csv,B,0,0,0,감축,계획품 원칙0(비핵심설비→수리일정발주),gray,재고불요,,상시,,,,,0,0;0;0;0;0;0;0;0;0;0;0;0;0;0;0;0;0;0;0;0;0;0;0;0
Q1077776,SEO26FF,보험품,classification_result.csv,B,5,1,5450000,발주,"비핵심보험[B] μ_LT+SS(Z1.65)=5,상한10→5",yellow,발주임박,,상시,,,,,1,0;0;0;0;0;0;0;0;0;0;0;0;0;0;0;0;0;0;0;0;0;4;0;0
Q1077777,SEO26FF,보험품,classification_result.csv,C,6,0,0,감축,"비핵심보험[C] μ_LT+SS(Z1.28)=6,상한23→6",gray,충분,,상시,,,,,2,0;0;6;0;0;0;6;0;0;0;0;0;0;0;0;0;0;0;0;0;0;0;0;0
Q1077786,SEO26FF,계획품,classification_result.csv,B,0,0,0,감축,계획품 원칙0(비핵심설비→수리일정발주),gray,재고불요,,상시,,,,,2,0;0;0;0;0;0;0;0;0;0;0;0;0;0;0;0;0;0;0;0;0;5;0;0
Q1077922,SEO26FF,계획품,master.csv,B,0,0,0,감축,계획품 원칙0(비핵심설비→수리일정발주),gray,재고불요,,상시,,,,,1,0;0;0;1;0;0;0;0;0;0;0;0;0;0;0;0;0;0;0;0;0;0;0;0
Q1077925,SEO26FF,계획품,classification_result.csv,B,0,0,0,감축,계획품 원칙0(비핵심설비→수리일정발주),gray,재고불요,,상시,,,,,1,4;0;0;0;0;0;0;0;0;0;0;0;0;0;0;0;0;0;0;0;0;0;0;0
Q1077941,SEO26FF,보험품,classification_result.csv,C,4,0,0,유지,"비핵심보험[C] μ_LT+SS(Z1.28)=4,상한4→4",green,여유,,상시,,,,,1,0;0;2;0;0;0;0;0;0;0;0;0;0;0;0;0;0;0;0;0;0;0;0;0
Q1078004,SEO26FF,보험품,master.csv,C,2,1,116025,발주,"비핵심보험[C] μ_LT+SS(Z1.28)=2,상한2→2",yellow,발주임박,,상시,,,,,0,0;0;0;0;0;0;0;0;0;0;0;0;0;0;0;0;0;0;0;0;0;0;0;0
Q1078005,SEO26FF,보험품,classification_result.csv,B,1,0,0,감축,"비핵심보험[B] μ_LT+SS(Z1.65)=1,상한1→1",gray,충분,,상시,,,,,0,0;0;0;0;0;0;0;0;0;0;0;0;0;0;0;0;0;0;0;0;0;0;0;0
Q1078241,SEO26FF,보험품,classification_result.csv,C,0,0,0,감축,비핵심보험[C] 소요無→0,gray,재고불요,,상시,,,,,0,0;0;0;0;0;0;0;0;0;0;0;0;0;0;0;0;0;0;0;0;0;0;0;0
Q1078244,SEO26FF,계획품,classification_result.csv,B,0,0,0,감축,계획품 원칙0(비핵심설비→수리일정발주),gray,재고불요,,상시,,,,,0,0;0;0;0;0;0;0;0;0;0;0;0;0;0;0;0;0;0;0;0;0;0;0;0
Q1078248,SEO26FF,보험품,master.csv,A,2,0,0,유지,"핵심보험[A] μ_LT+SS(Z2.05)=2,상한2,기준1→2",green,여유,FM Main Motor,상시,,,,,0,0;0;0;0;0;0;0;0;0;0;0;0;0;0;0;0;0;0;0;0;0;0;0;0
Q1078249,SEO26FF,계획품,classification_result.csv,A,0,0,0,감축,핵심설비 계획품이나 3년무소요→0,gray,재고충분,FM Main Motor,대수리,2026-09-04,2026-05-23,-103,0,0,0;0;0;0;0;0;0;0;0;0;0;0;0;0;0;0;0;0;0;0;0;0;0;0
Q1078283,SEO26FF,보험품,classification_result.csv,S,4,4,23796240,발주,"핵심보험[S] μ_LT+SS(Z2.58)=4,상한4,기준2→4",red,즉시발주,,상시,,,,,3,0;0;0;0;0;0;1;0;0;0;0;0;0;0;0;1;0;0;0;0;0;0;1;0
Q1080083,SEO26FF,계획품,classification_result.csv,A,0,0,0,감축,핵심설비 계획품이나 소요비활발(λ0.2)→0,gray,재고충분,FM Screw Down,대수리,2026-09-04,2026-05-17,-109,0,1,0;1;0;0;0;0;0;0;0;0;0;0;0;0;0;0;0;0;0;0;0;0;0;0
Q1080084,SEO26FF,계획품,classification_result.csv,A,0,0,0,감축,핵심설비 계획품이나 소요비활발(λ0.2)→0,gray,재고충분,FM Screw Down,대수리,2026-09-04,2026-05-17,-109,0,1,0;1;0;0;0;0;0;0;0;0;0;0;0;0;0;0;0;0;0;0;0;0;0;0
Q1080117,SEO26FF,계획품,classification_result.csv,B,0,0,0,감축,계획품 원칙0(비핵심설비→수리일정발주),gray,재고불요,,상시,,,,,1,0;0;0;0;0;0;0;0;0;0;2;0;0;0;0;0;0;0;0;0;0;0;0;0
Q1080496,SEO26FF,계획품,master.csv,A,0,0,0,감축,핵심설비 계획품이나 소요비활발(λ0.1)→0,gray,재고충분,FM Roll Alignment,대수리,2026-09-04,2026-02-15,-200,0,0,0;0;0;0;0;0;0;0;0;0;0;0;0;0;0;0;0;0;0;0;0;0;0;0
Q1080541,SEO26FF,보험품,classification_result.csv,C,1,0,0,유지,"비핵심보험[C] μ_LT+SS(Z1.28)=1,상한2→1",green,여유,,상시,,,,,1,0;0;0;0;0;0;0;0;0;0;0;0;0;1;0;0;0;0;0;0;0;0;0;0
Q1080794,SEO26FF,보험품,classification_result.csv,C,4,0,0,유지,"비핵심보험[C] μ_LT+SS(Z1.28)=4,상한4→4",green,여유,,상시,,,,,0,0;0;0;0;0;0;0;0;0;0;0;0;0;0;0;0;0;0;0;0;0;0;0;0
Q1080969,SEO26FF,계획품,classification_result.csv,C,0,0,0,감축,계획품 원칙0(비핵심설비→수리일정발주),gray,재고불요,,상시,,,,,0,0;0;0;0;0;0;0;0;0;0;0;0;0;0;0;0;0;0;0;0;0;0;0;0
Q1080970,SEO26FF,보험품,classification_result.csv,C,0,0,0,감축,비핵심보험[C] 소요無→0,gray,재고불요,,상시,,,,,0,0;0;0;0;0;0;0;0;0;0;0;0;0;0;0;0;0;0;0;0;0;0;0;0
Q1113604,SEO26FF,보험품,classification_result.csv,B,12,0,0,감축,"비핵심보험[B] μ_LT+SS(Z1.65)=12,상한48→12",gray,충분,,상시,,,,,3,0;6;0;0;0;0;0;24;0;6;0;0;0;0;0;0;0;0;0;0;0;0;0;0
Q1117822,SEO26FF,보험품,classification_result.csv,C,0,0,0,감축,비핵심보험[C] 소요無→0,gray,재고불요,,상시,,,,,0,0;0;0;0;0;0;0;0;0;0;0;0;0;0;0;0;0;0;0;0;0;0;0;0
Q1119268,SEO26FF,계획품,classification_result.csv,C,0,0,0,감축,계획품 원칙0(비핵심설비→수리일정발주),gray,재고불요,,상시,,,,,0,0;0;0;0;0;0;0;0;0;0;0;0;0;0;0;0;0;0;0;0;0;0;0;0
Q1119452,SEO26FF,보험품,classification_result.csv,B,9,7,214459,발주,"비핵심보험[B] μ_LT+SS(Z1.65)=9,상한24→9",red,즉시발주,,상시,,,,,1,0;0;2;0;0;0;0;0;0;0;0;0;0;0;0;0;0;0;0;0;0;0;0;0
Q1119526,SEO26FF,보험품,classification_result.csv,C,3,3,953259,발주,"비핵심보험[C] μ_LT+SS(Z1.28)=3,상한5→3",red,즉시발주,,상시,,,,,1,0;0;0;0;0;0;0;0;0;0;0;0;0;0;0;0;0;0;0;0;0;0;1;0
Q1119649,SEO26FF,보험품,classification_result.csv,C,7,0,0,감축,"비핵심보험[C] μ_LT+SS(Z1.28)=7,상한20→7",gray,충분,,상시,,,,,4,0;2;0;0;0;0;0;0;0;0;8;8;0;0;20;0;0;0;0;0;0;0;0;0
Q1119795,SEO26FF,보험품,classification_result.csv,C,1,0,0,유지,"비핵심보험[C] μ_LT+SS(Z1.28)=3,상한1→1",green,여유,,상시,,,,,1,0;0;0;0;0;0;0;0;0;0;0;0;0;0;1;0;0;0;0;0;0;0;0;0
Q1120753,SEO26FF,보험품,master.csv,B,3,1,91512,발주,"비핵심보험[B] μ_LT+SS(Z1.65)=3,상한3→3",yellow,발주임박,,상시,,,,,1,0;0;0;0;0;0;0;0;0;0;0;0;0;0;2;0;0;0;0;0;0;0;0;0
Q1121188,SEO26FF,보험품,classification_result.csv,C,1,1,384451,발주,"비핵심보험[C] μ_LT+SS(Z1.28)=2,상한1→1",red,즉시발주,,상시,,,,,1,0;0;0;0;0;0;0;0;0;0;0;0;0;0;0;0;0;0;0;0;0;0;1;0
Q1121309,SEO26FF,계획품,classification_result.csv,C,0,0,0,감축,계획품 원칙0(비핵심설비→수리일정발주),gray,재고불요,,상시,,,,,1,0;0;1;0;0;0;0;0;0;0;0;0;0;0;0;0;0;0;0;0;0;0;0;0
Q1122097,SEO26FF,보험품,classification_result.csv,C,0,0,0,감축,비핵심보험[C] 소요無→0,gray,재고불요,,상시,,,,,0,0;0;0;0;0;0;0;0;0;0;0;0;0;0;0;0;0;0;0;0;0;0;0;0
Q1137969,SEO26FF,보험품,master.csv,S,1,0,0,감축,핵심보험[S] 소요無→기준1,gray,충분,,상시,,,,,0,0;0;0;0;0;0;0;0;0;0;0;0;0;0;0;0;0;0;0;0;0;0;0;0
Q1201276,SEO26FF,계획품,classification_result.csv,B,0,0,0,감축,계획품 원칙0(비핵심설비→수리일정발주),gray,재고불요,,상시,,,,,3,0;0;0;1;0;0;1;0;1;0;0;0;0;0;0;0;0;0;0;0;0;0;0;0
Q1201564,SEO26FF,보험품,master.csv,C,2,1,98467200,발주,"비핵심보험[C] μ_LT+SS(Z1.28)=2,상한10→2",yellow,발주임박,,상시,,,,,1,0;0;0;0;0;0;0;0;0;0;0;0;0;0;0;0;0;0;0;0;0;0;1;0
Q1204795,SEO26FF,보험품,classification_result.csv,C,2,0,0,감축,"비핵심보험[C] μ_LT+SS(Z1.28)=3,상한2→2",gray,충분,,상시,,,,,2,0;0;0;0;2;0;0;0;0;0;0;0;0;0;0;0;0;0;2;0;0;0;0;0
Q1204949,SEO26FF,보험품,master.csv,C,4,0,0,감축,"비핵심보험[C] μ_LT+SS(Z1.28)=4,상한10→4",gray,충분,,상시,,,,,2,0;0;0;0;0;0;0;0;0;0;0;0;0;0;0;0;0;0;3;0;0;0;0;0
Q1218357,SEO26FF,보험품,classification_result.csv,S,1,0,0,감축,핵심보험[S] 소요無→기준1,gray,충분,,상시,,,,,0,0;0;0;0;0;0;0;0;0;0;0;0;0;0;0;0;0;0;0;0;0;0;0;0
Q1218391,SEO26FF,보험품,classification_result.csv,S,1,0,0,유지,핵심보험[S] 소요無→기준1,green,여유,,상시,,,,,0,0;0;0;0;0;0;0;0;0;0;0;0;0;0;0;0;0;0;0;0;0;0;0;0
Q1218393,SEO26FF,보험품,classification_result.csv,S,1,1,2577600,발주,핵심보험[S] 소요無→기준1,red,즉시발주,,상시,,,,,0,0;0;0;0;0;0;0;0;0;0;0;0;0;0;0;0;0;0;0;0;0;0;0;0
Q1219164,SEO26FF,보험품,master.csv,S,1,0,0,감축,"핵심보험[S] μ_LT+SS(Z2.58)=1,상한0,기준1→1",gray,충분,,상시,,,,,0,0;0;0;0;0;0;0;0;0;0;0;0;0;0;0;0;0;0;0;0;0;0;0;0
Q1260654,SEO26FF,보험품,classification_result.csv,S,1,0,0,감축,핵심보험[S] 소요無→기준1,gray,충분,,상시,,,,,0,0;0;0;0;0;0;0;0;0;0;0;0;0;0;0;0;0;0;0;0;0;0;0;0
Q1269776,SEO26FF,보험품,classification_result.csv,B,2,0,0,유지,"비핵심보험[B] μ_LT+SS(Z1.65)=2,상한4→2",green,여유,,상시,,,,,1,0;2;0;0;0;0;0;0;0;0;0;0;0;0;0;0;0;0;0;0;0;0;0;0
Q1292612,SEO26FF,보험품,classification_result.csv,S,6,6,29400000,발주,"핵심보험[S] μ_LT+SS(Z2.58)=6,상한8,기준4→6",red,즉시발주,,상시,,,,,1,0;0;0;0;0;0;0;0;0;0;0;0;2;0;0;0;0;0;0;0;0;0;0;0
Q1293261,SEO26FF,계획품,master.csv,B,0,0,0,감축,계획품 원칙0(비핵심설비→수리일정발주),gray,재고불요,,상시,,,,,0,0;0;0;0;0;0;0;0;0;0;0;0;0;0;0;0;0;0;0;0;0;0;0;0
Q1297201,SEO26FF,계획품,classification_result.csv,B,0,0,0,감축,계획품 원칙0(비핵심설비→수리일정발주),gray,재고불요,,상시,,,,,2,0;0;0;0;0;0;0;0;0;0;0;0;0;0;0;0;0;0;3;0;2;0;0;0
Q1297240,SEO26FF,계획품,master.csv,B,0,0,0,감축,계획품 원칙0(비핵심설비→수리일정발주),gray,재고불요,,상시,,,,,0,0;0;0;0;0;0;0;0;0;0;0;0;0;0;0;0;0;0;0;0;0;0;0;0
Q1305036,SEO26FF,보험품,classification_result.csv,C,0,0,0,감축,비핵심보험[C] 소요無→0,gray,재고불요,,상시,,,,,0,0;0;0;0;0;0;0;0;0;0;0;0;0;0;0;0;0;0;0;0;0;0;0;0
Q1308654,SEO26FF,계획품,classification_result.csv,C,0,0,0,감축,계획품 원칙0(비핵심설비→수리일정발주),gray,재고불요,,상시,,,,,1,0;0;0;0;0;0;0;0;0;0;0;0;0;0;0;0;0;0;0;0;0;0;1;0
Q1314441,SEO26FF,계획품,classification_result.csv,S,0,0,0,유지,핵심설비 계획품이나 3년무소요→0,gray,재고불요,,상시,,,,,0,0;0;0;0;0;0;0;0;0;0;0;0;0;0;0;0;0;0;0;0;0;0;0;0
Q1316039,SEO26FF,보험품,master.csv,S,1,1,135333,발주,핵심보험[S] 소요無→기준1,red,즉시발주,,상시,,,,,0,0;0;0;0;0;0;0;0;0;0;0;0;0;0;0;0;0;0;0;0;0;0;0;0
Q2008527,SEO26FF,계획품,classification_result.csv,C,0,0,0,감축,계획품 원칙0(비핵심설비→수리일정발주),gray,재고불요,,상시,,,,,0,0;0;0;0;0;0;0;0;0;0;0;0;0;0;0;0;0;0;0;0;0;0;0;0
Q2010934,SEO26FF,계획품,classification_result.csv,S,0,0,0,유지,핵심설비 계획품이나 3년무소요→0,gray,재고불요,,상시,,,,,0,0;0;0;0;0;0;0;0;0;0;0;0;0;0;0;0;0;0;0;0;0;0;0;0
Q2011794,SEO26FF,계획품,classification_result.csv,C,0,0,0,감축,계획품 원칙0(비핵심설비→수리일정발주),gray,재고불요,,상시,,,,,0,0;0;0;0;0;0;0;0;0;0;0;0;0;0;0;0;0;0;0;0;0;0;0;0
Q2011846,SEO26FF,보험품,classification_result.csv,B,10,7,3815000,발주,"비핵심보험[B] μ_LT+SS(Z1.65)=10,상한0→10",red,즉시발주,,상시,,,,,0,0;0;0;0;0;0;0;0;0;0;0;0;0;0;0;0;0;0;0;0;0;0;0;0
Q2013987,SEO26FF,보험품,classification_result.csv,S,3,1,5380000,발주,"핵심보험[S] μ_LT+SS(Z2.58)=3,상한4,기준1→3",yellow,발주임박,FM Crop Shear,상시,,,,,1,1;0;0;0;0;0;0;0;0;0;0;0;0;0;0;0;0;0;0;0;0;0;0;0
Q2015221,SEO26FF,계획품,master.csv,C,0,0,0,감축,계획품 원칙0(비핵심설비→수리일정발주),gray,재고불요,,상시,,,,,0,0;0;0;0;0;0;0;0;0;0;0;0;0;0;0;0;0;0;0;0;0;0;0;0
Q2018730,SEO26FF,보험품,classification_result.csv,C,5,0,0,감축,"비핵심보험[C] μ_LT+SS(Z1.28)=5,상한8→5",gray,충분,,상시,,,,,0,0;0;0;0;0;0;0;0;0;0;0;0;0;0;0;0;0;0;0;0;0;0;0;0
Q2019637,SEO26FF,보험품,classification_result.csv,B,2,0,0,감축,"비핵심보험[B] μ_LT+SS(Z1.65)=2,상한3→2",gray,충분,,상시,,,,,2,0;0;0;0;0;0;0;0;0;0;0;2;0;0;0;0;0;0;0;0;0;0;0;0
Q2024559,SEO26FF,보험품,classification_result.csv,S,3,2,18000000,발주,"핵심보험[S] μ_LT+SS(Z2.58)=2,상한3,기준3→3",red,즉시발주,,상시,,,,,0,0;0;0;0;0;0;0;0;0;0;0;0;0;0;0;0;0;0;0;0;0;0;0;0
Q2024605,SEO26FF,보험품,classification_result.csv,B,2,0,0,유지,"비핵심보험[B] μ_LT+SS(Z1.65)=2,상한2→2",green,여유,,상시,,,,,0,0;0;0;0;0;0;0;0;0;0;0;0;0;0;0;0;0;0;0;0;0;0;0;0
Q2026952,SEO26FF,보험품,classification_result.csv,B,3,0,0,감축,"비핵심보험[B] μ_LT+SS(Z1.65)=3,상한4→3",gray,충분,,상시,,,,,4,0;0;0;0;0;1;1;0;0;0;1;0;0;0;0;0;0;1;0;0;0;0;0;0
Q2028061,SEO26FF,계획품,classification_result.csv,S,0,0,0,유지,핵심설비 계획품이나 3년무소요→0,gray,재고불요,,상시,,,,,0,0;0;0;0;0;0;0;0;0;0;0;0;0;0;0;0;0;0;0;0;0;0;0;0
Q2028134,SEO26FF,보험품,master.csv,S,1,1,9333184,발주,"핵심보험[S] μ_LT+SS(Z2.58)=1,상한0,기준1→1",red,즉시발주,,상시,,,,,0,0;0;0;0;0;0;0;0;0;0;0;0;0;0;0;0;0;0;0;0;0;0;0;0
Q2028329,SEO26FF,계획품,classification_result.csv,A,0,0,0,감축,핵심설비 계획품이나 소요비활발(λ0.5)→0,gray,재고불요,,상시,,,,,1,0;0;0;0;0;0;0;0;0;0;0;0;0;0;0;0;0;0;0;0;0;0;1;0
Q2032488,SEO26FF,보험품,classification_result.csv,C,2,0,0,감축,"비핵심보험[C] μ_LT+SS(Z1.28)=2,상한4→2",gray,충분,,상시,,,,,1,0;0;0;0;0;0;1;0;0;0;0;0;0;0;0;0;0;0;0;0;0;0;0;0
Q2032490,SEO26FF,계획품,classification_result.csv,C,0,0,0,감축,계획품 원칙0(비핵심설비→수리일정발주),gray,재고불요,,상시,,,,,0,0;0;0;0;0;0;0;0;0;0;0;0;0;0;0;0;0;0;0;0;0;0;0;0
Q2032491,SEO26FF,계획품,classification_result.csv,C,0,0,0,감축,계획품 원칙0(비핵심설비→수리일정발주),gray,재고불요,,상시,,,,,0,0;0;0;0;0;0;0;0;0;0;0;0;0;0;0;0;0;0;0;0;0;0;0;0
Q2038307,SEO26FF,보험품,classification_result.csv,B,4,0,0,유지,"비핵심보험[B] μ_LT+SS(Z1.65)=4,상한7→4",green,여유,,상시,,,,,3,0;0;0;0;0;0;0;0;0;0;2;0;0;0;0;0;0;0;0;0;0;0;2;0
Q2039356,SEO26FF,계획품,classification_result.csv,C,0,0,0,감축,계획품 원칙0(비핵심설비→수리일정발주),gray,재고불요,,상시,,,,,1,0;0;0;0;0;0;0;0;0;0;0;0;0;0;1;0;0;0;0;0;0;0;0;0
Q2040220,SEO26FF,계획품,master.csv,B,0,0,0,감축,계획품 원칙0(비핵심설비→수리일정발주),gray,재고불요,,상시,,,,,1,0;0;0;0;0;0;0;0;0;0;0;0;0;0;0;4;0;0;0;0;0;0;0;0
Q2042214,SEO26FF,계획품,classification_result.csv,C,0,0,0,감축,계획품 원칙0(비핵심설비→수리일정발주),gray,재고불요,,상시,,,,,1,0;0;0;0;0;0;0;0;0;0;0;0;0;0;0;0;0;3;0;0;0;0;0;0
Q2045742,SEO26FF,보험품,classification_result.csv,S,1,1,4099280,발주,핵심보험[S] 소요無→기준1,red,즉시발주,,상시,,,,,0,0;0;0;0;0;0;0;0;0;0;0;0;0;0;0;0;0;0;0;0;0;0;0;0
Q2052411,SEO26FF,계획품,classification_result.csv,A,0,0,0,감축,핵심설비 계획품이나 3년무소요→0,gray,재고충분,FM Main Motor,대수리,2026-09-04,2026-05-12,-114,0,0,0;0;0;0;0;0;0;0;0;0;0;0;0;0;0;0;0;0;0;0;0;0;0;0
Q2054201,SEO26FF,보험품,master.csv,C,2,0,0,유지,"비핵심보험[C] μ_LT+SS(Z1.28)=2,상한3→2",green,여유,,상시,,,,,1,0;1;0;0;0;0;0;0;0;0;0;0;0;0;0;0;0;0;0;0;0;0;0;0
Q2054727,SEO26FF,보험품,master.csv,S,21,5,19726878,발주,"핵심보험[S] μ_LT+SS(Z2.58)=21,상한30,기준1→21",yellow,발주임박,,상시,,,,,0,0;0;0;0;0;0;0;0;0;0;0;0;0;0;0;0;0;0;0;0;0;0;0;0
Q2055671,SEO26FF,보험품,classification_result.csv,C,6,0,0,감축,"비핵심보험[C] μ_LT+SS(Z1.28)=10,상한6→6",gray,충분,FM Main Motor,상시,,,,,0,0;0;0;0;0;0;0;0;0;0;0;0;0;0;0;0;0;0;0;0;0;0;0;0
Q2055672,SEO26FF,보험품,master.csv,B,8,7,4760000,발주,"비핵심보험[B] μ_LT+SS(Z1.65)=8,상한24→8",red,즉시발주,,상시,,,,,3,0;4;1;0;0;0;0;0;0;3;0;0;0;0;0;0;0;0;0;0;0;0;0;0
Q2055698,SEO26FF,보험품,classification_result.csv,C,10,6,2322486,발주,"비핵심보험[C] μ_LT+SS(Z1.28)=10,상한30→10",red,즉시발주,,상시,,,,,0,0;0;0;0;0;0;0;0;0;0;0;0;0;0;0;0;0;0;0;0;0;0;0;0
Q2056110,SEO26FF,보험품,classification_result.csv,B,1,0,0,유지,"비핵심보험[B] μ_LT+SS(Z1.65)=1,상한2→1",green,여유,,상시,,,,,1,0;0;0;0;0;0;0;0;0;0;0;0;0;0;0;0;0;0;0;1;0;0;0;0
Q2059079,SEO26FF,보험품,master.csv,C,0,0,0,감축,비핵심보험[C] 소요無→0,gray,재고불요,,상시,,,,,0,0;0;0;0;0;0;0;0;0;0;0;0;0;0;0;0;0;0;0;0;0;0;0;0
Q2059080,SEO26FF,보험품,classification_result.csv,C,5,0,0,감축,"비핵심보험[C] μ_LT+SS(Z1.28)=5,상한5→5",gray,충분,,상시,,,,,0,0;0;0;0;0;0;0;0;0;0;0;0;0;0;0;0;0;0;0;0;0;0;0;0
Q2059081,SEO26FF,계획품,classification_result.csv,C,0,0,0,감축,계획품 원칙0(비핵심설비→수리일정발주),gray,재고불요,,상시,,,,,0,0;0;0;0;0;0;0;0;0;0;0;0;0;0;0;0;0;0;0;0;0;0;0;0
Q2059082,SEO26FF,보험품,classification_result.csv,C,7,2,26000,발주,"비핵심보험[C] μ_LT+SS(Z1.28)=7,상한10→7",yellow,발주임박,,상시,,,,,0,0;0;0;0;0;0;0;0;0;0;0;0;0;0;0;0;0;0;0;0;0;0;0;0
Q2059083,SEO26FF,계획품,classification_result.csv,C,0,0,0,감축,계획품 원칙0(비핵심설비→수리일정발주),gray,재고불요,,상시,,,,,0,0;0;0;0;0;0;0;0;0;0;0;0;0;0;0;0;0;0;0;0;0;0;0;0
Q2059088,SEO26FF,보험품,classification_result.csv,C,4,0,0,유지,"비핵심보험[C] μ_LT+SS(Z1.28)=4,상한12→4",green,여유,,상시,,,,,1,0;0;0;0;0;0;8;0;0;0;0;0;0;0;0;0;0;0;0;0;0;0;0;0
Q2060148,SEO26FF,계획품,classification_result.csv,C,0,0,0,감축,계획품 원칙0(비핵심설비→수리일정발주),gray,재고불요,,상시,,,,,3,0;0;0;0;0;10;0;0;0;0;0;0;0;0;0;0;0;0;0;20;0;0;0;0
Q2060154,SEO26FF,계획품,classification_result.csv,B,0,0,0,감축,계획품 원칙0(비핵심설비→수리일정발주),gray,재고불요,,상시,,,,,2,5;0;0;0;0;0;0;0;0;0;0;0;3;0;0;0;0;0;0;0;0;0;0;0
Q2060222,SEO26FF,보험품,classification_result.csv,B,16,11,1054682,발주,"비핵심보험[B] μ_LT+SS(Z1.65)=16,상한60→16",red,즉시발주,,상시,,,,,0,0;0;0;0;0;0;0;0;0;0;0;0;0;0;0;0;0;0;0;0;0;0;0;0
Q2060332,SEO26FF,보험품,master.csv,B,1,0,0,유지,"비핵심보험[B] μ_LT+SS(Z1.65)=1,상한2→1",green,여유,,상시,,,,,1,0;1;0;0;0;0;0;0;0;0;0;0;0;0;0;0;0;0;0;0;0;0;0;0
Q2060337,SEO26FF,계획품,classification_result.csv,B,0,0,0,감축,계획품 원칙0(비핵심설비→수리일정발주),gray,재고불요,,상시,,,,,2,0;0;0;0;0;0;0;0;0;0;0;0;1;0;0;0;0;1;0;0;0;0;0;0
Q2060460,SEO26FF,보험품,classification_result.csv,C,1,0,0,감축,"비핵심보험[C] μ_LT+SS(Z1.28)=1,상한2→1",gray,충분,,상시,,,,,3,1;0;0;0;0;1;0;0;0;0;0;1;0;0;0;0;0;0;0;0;0;0;0;0
Q2060462,SEO26FF,계획품,classification_result.csv,S,0,0,0,감축,핵심설비 계획품이나 소요비활발(λ0.5)→0,gray,재고불요,,상시,,,,,3,0;0;0;0;0;0;1;0;0;0;0;0;1;0;0;0;0;0;0;0;1;0;0;0
Q2060463,SEO26FF,계획품,classification_result.csv,C,0,0,0,감축,계획품 원칙0(비핵심설비→수리일정발주),gray,재고불요,,상시,,,,,0,0;0;0;0;0;0;0;0;0;0;0;0;0;0;0;0;0;0;0;0;0;0;0;0
Q2060465,SEO26FF,보험품,classification_result.csv,B,1,0,0,유지,"비핵심보험[B] μ_LT+SS(Z1.65)=1,상한2→1",green,여유,,상시,,,,,0,0;0;0;0;0;0;0;0;0;0;0;0;0;0;0;0;0;0;0;0;0;0;0;0
Q2060474,SEO26FF,보험품,classification_result.csv,B,2,1,3490000,발주,"비핵심보험[B] μ_LT+SS(Z1.65)=2,상한3→2",yellow,발주임박,,상시,,,,,0,0;0;0;0;0;0;0;0;0;0;0;0;0;0;0;0;0;0;0;0;0;0;0;0
Q2062201,SEO26FF,보험품,classification_result.csv,S,1,0,0,유지,핵심보험[S] 소요無→기준1,green,여유,,상시,,,,,0,0;0;0;0;0;0;0;0;0;0;0;0;0;0;0;0;0;0;0;0;0;0;0;0
Q2064661,SEO26FF,보험품,master.csv,C,2,1,970000,발주,"비핵심보험[C] μ_LT+SS(Z1.28)=2,상한6→2",yellow,발주임박,,상시,,,,,1,0;2;0;0;0;0;0;0;0;0;0;0;0;0;0;0;0;0;0;0;0;0;0;0
Q2064662,SEO26FF,계획품,master.csv,A,0,0,0,감축,계획품 원칙0(비핵심설비→수리일정발주),gray,재고불요,,상시,,,,,1,0;0;0;0;0;0;0;0;0;0;0;0;0;0;0;0;0;0;0;0;0;0;0;1
Q2065292,SEO26FF,계획품,master.csv,C,0,0,0,감축,계획품 원칙0(비핵심설비→수리일정발주),gray,재고불요,,상시,,,,,1,0;1;0;0;0;0;0;0;0;0;0;0;0;0;0;0;0;0;0;0;0;0;0;0
Q2066145,SEO26FF,보험품,classification_result.csv,B,2,1,1050000,발주,"비핵심보험[B] μ_LT+SS(Z1.65)=2,상한2→2",yellow,발주임박,,상시,,,,,2,0;0;0;0;0;0;0;0;0;0;1;0;0;0;0;0;0;0;0;1;0;0;0;0
Q2068400,SEO26FF,계획품,classification_result.csv,A,0,0,0,감축,핵심설비 계획품이나 소요비활발(λ0.5)→0,gray,재고불요,,상시,,,,,5,0;0;0;0;0;0;0;2;0;0;0;0;0;0;0;4;0;0;0;6;0;0;0;0
Q2070790,SEO26FF,보험품,classification_result.csv,S,3,2,4200000,발주,"핵심보험[S] μ_LT+SS(Z2.58)=3,상한4,기준2→3",red,즉시발주,,상시,,,,,1,0;0;0;0;0;0;0;0;0;0;0;0;0;0;0;0;0;0;0;0;0;1;0;0
Q2070791,SEO26FF,보험품,classification_result.csv,S,5,2,4300000,발주,"핵심보험[S] μ_LT+SS(Z2.58)=5,상한6,기준1→5",yellow,발주임박,,상시,,,,,1,0;0;0;0;0;0;0;0;0;0;0;0;0;0;0;0;0;0;0;0;2;0;0;0
Q2070796,SEO26FF,계획품,master.csv,S,0,0,0,감축,핵심설비 계획품이나 3년무소요→0,gray,재고불요,,상시,,,,,0,0;0;0;0;0;0;0;0;0;0;0;0;0;0;0;0;0;0;0;0;0;0;0;0
Q2070797,SEO26FF,보험품,classification_result.csv,S,3,2,2900000,발주,"핵심보험[S] μ_LT+SS(Z2.58)=3,상한4,기준1→3",red,즉시발주,,상시,,,,,4,0;0;0;0;0;0;0;0;0;0;0;0;0;0;0;0;0;0;0;1;3;0;0;0
Q2070800,SEO26FF,보험품,classification_result.csv,S,3,0,0,감축,"핵심보험[S] μ_LT+SS(Z2.58)=3,상한4,기준1→3",gray,충분,,상시,,,,,2,0;0;0;0;0;0;0;0;0;0;0;0;0;0;0;1;0;0;0;0;1;0;0;0
Q2070801,SEO26FF,계획품,master.csv,S,0,0,0,감축,핵심설비 계획품이나 소요비활발(λ0.8)→0,gray,재고충분,FM Roll Alignment,대수리,2026-09-04,2026-05-23,-103,0,2,0;0;0;0;0;0;0;0;0;0;0;0;0;0;0;0;0;1;0;0;1;0;0;0
Q2074351,SEO26FF,보험품,classification_result.csv,B,0,0,0,감축,비핵심보험[B] 소요無→0,gray,재고불요,,상시,,,,,0,0;0;0;0;0;0;0;0;0;0;0;0;0;0;0;0;0;0;0;0;0;0;0;0
Q2074769,SEO26FF,보험품,classification_result.csv,S,4,4,1640000,발주,"핵심보험[S] μ_LT+SS(Z2.58)=4,상한8,기준2→4",red,즉시발주,,상시,,,,,0,0;0;0;0;0;0;0;0;0;0;0;0;0;0;0;0;0;0;0;0;0;0;0;0
Q2076004,SEO26FF,계획품,classification_result.csv,A,0,0,0,감축,계획품 원칙0(비핵심설비→수리일정발주),gray,재고불요,,상시,,,,,3,0;0;0;0;2;0;0;0;0;0;0;0;0;0;0;0;2;0;0;2;0;0;0;0
Q2076458,SEO26FF,보험품,classification_result.csv,C,5,0,0,감축,"비핵심보험[C] μ_LT+SS(Z1.28)=5,상한5→5",gray,충분,,상시,,,,,1,0;0;0;0;5;0;0;0;0;0;0;0;0;0;0;0;0;0;0;0;0;0;0;0
Q2076463,SEO26FF,보험품,classification_result.csv,C,0,0,0,감축,비핵심보험[C] 소요無→0,gray,재고불요,,상시,,,,,0,0;0;0;0;0;0;0;0;0;0;0;0;0;0;0;0;0;0;0;0;0;0;0;0
Q2079650,SEO26FF,계획품,classification_result.csv,C,0,0,0,감축,계획품 원칙0(비핵심설비→수리일정발주),gray,재고불요,,상시,,,,,0,0;0;0;0;0;0;0;0;0;0;0;0;0;0;0;0;0;0;0;0;0;0;0;0
Q2079652,SEO26FF,계획품,classification_result.csv,C,0,0,0,감축,계획품 원칙0(비핵심설비→수리일정발주),gray,재고불요,,상시,,,,,0,0;0;0;0;0;0;0;0;0;0;0;0;0;0;0;0;0;0;0;0;0;0;0;0
Q2079654,SEO26FF,계획품,classification_result.csv,C,0,0,0,감축,계획품 원칙0(비핵심설비→수리일정발주),gray,재고불요,,상시,,,,,0,0;0;0;0;0;0;0;0;0;0;0;0;0;0;0;0;0;0;0;0;0;0;0;0
Q2079803,SEO26FF,보험품,classification_result.csv,C,4,0,0,감축,"비핵심보험[C] μ_LT+SS(Z1.28)=4,상한4→4",gray,충분,FM Main Motor,상시,,,,,0,0;0;0;0;0;0;0;0;0;0;0;0;0;0;0;0;0;0;0;0;0;0;0;0
Q2082726,SEO26FF,보험품,master.csv,C,0,0,0,감축,비핵심보험[C] 소요無→0,gray,재고불요,,상시,,,,,0,0;0;0;0;0;0;0;0;0;0;0;0;0;0;0;0;0;0;0;0;0;0;0;0
Q2082954,SEO26FF,계획품,classification_result.csv,C,0,0,0,감축,계획품 원칙0(비핵심설비→수리일정발주),gray,재고불요,,상시,,,,,1,0;0;0;0;0;0;0;0;0;0;4;0;0;0;0;0;0;0;0;0;0;0;0;0
Q2084886,SEO26FF,계획품,classification_result.csv,B,0,0,0,감축,계획품 원칙0(비핵심설비→수리일정발주),gray,재고불요,,상시,,,,,0,0;0;0;0;0;0;0;0;0;0;0;0;0;0;0;0;0;0;0;0;0;0;0;0
Q2086017,SEO26FF,계획품,master.csv,B,0,0,0,감축,계획품 원칙0(비핵심설비→수리일정발주),gray,재고불요,,상시,,,,,1,0;0;0;0;0;0;0;0;0;0;0;0;0;0;0;0;0;0;0;0;0;0;1;0
Q2086434,SEO26FF,보험품,classification_result.csv,B,1,0,0,감축,"비핵심보험[B] μ_LT+SS(Z1.65)=1,상한2→1",gray,충분,FM Main Motor,상시,,,,,0,0;0;0;0;0;0;0;0;0;0;0;0;0;0;0;0;0;0;0;0;0;0;0;0
Q2086435,SEO26FF,보험품,classification_result.csv,B,1,0,0,감축,"비핵심보험[B] μ_LT+SS(Z1.65)=1,상한1→1",gray,충분,,상시,,,,,0,0;0;0;0;0;0;0;0;0;0;0;0;0;0;0;0;0;0;0;0;0;0;0;0
Q2086682,SEO26FF,보험품,master.csv,C,0,0,0,감축,비핵심보험[C] 소요無→0,gray,재고불요,,상시,,,,,0,0;0;0;0;0;0;0;0;0;0;0;0;0;0;0;0;0;0;0;0;0;0;0;0
Q2087261,SEO26FF,보험품,classification_result.csv,B,2,1,218106,발주,"비핵심보험[B] μ_LT+SS(Z1.65)=2,상한2→2",yellow,발주임박,,상시,,,,,0,0;0;0;0;0;0;0;0;0;0;0;0;0;0;0;0;0;0;0;0;0;0;0;0
Q2087833,SEO26FF,보험품,master.csv,B,4,0,0,유지,"비핵심보험[B] μ_LT+SS(Z1.65)=4,상한4→4",green,여유,,상시,,,,,0,0;0;0;0;0;0;0;0;0;0;0;0;0;0;0;0;0;0;0;0;0;0;0;0
Q2088228,SEO26FF,보험품,classification_result.csv,S,1,0,0,감축,핵심보험[S] 소요無→기준1,gray,충분,,상시,,,,,0,0;0;0;0;0;0;0;0;0;0;0;0;0;0;0;0;0;0;0;0;0;0;0;0
Q2091278,SEO26FF,보험품,classification_result.csv,S,2,1,6880000,발주,"핵심보험[S] μ_LT+SS(Z2.58)=2,상한1,기준2→2",yellow,발주임박,,상시,,,,,0,0;0;0;0;0;0;0;0;0;0;0;0;0;0;0;0;0;0;0;0;0;0;0;0
Q2091279,SEO26FF,계획품,classification_result.csv,S,1,0,0,유지,핵심설비계획품 소요활발(λ1.3)→소량1,green,여유,,상시,,,,,3,0;0;0;0;0;1;0;0;0;0;0;0;0;0;1;0;0;0;0;1;0;0;0;0
Q2094313,SEO26FF,보험품,classification_result.csv,B,2,0,0,유지,"비핵심보험[B] μ_LT+SS(Z1.65)=2,상한2→2",green,여유,,상시,,,,,0,0;0;0;0;0;0;0;0;0;0;0;0;0;0;0;0;0;0;0;0;0;0;0;0
Q2094703,SEO26FF,보험품,classification_result.csv,S,1,1,18565170,발주,"핵심보험[S] μ_LT+SS(Z2.58)=2,상한1,기준1→1",red,즉시발주,,상시,,,,,0,0;0;0;0;0;0;0;0;0;0;0;0;0;0;0;0;0;0;0;0;0;0;0;0
Q2095005,SEO26FF,보험품,classification_result.csv,B,1,0,0,유지,"비핵심보험[B] μ_LT+SS(Z1.65)=1,상한1→1",green,여유,,상시,,,,,0,0;0;0;0;0;0;0;0;0;0;0;0;0;0;0;0;0;0;0;0;0;0;0;0
Q2095006,SEO26FF,계획품,classification_result.csv,B,0,0,0,감축,계획품 원칙0(비핵심설비→수리일정발주),gray,재고불요,,상시,,,,,0,0;0;0;0;0;0;0;0;0;0;0;0;0;0;0;0;0;0;0;0;0;0;0;0
Q2095020,SEO26FF,계획품,classification_result.csv,A,0,0,0,감축,핵심설비 계획품이나 3년무소요→0,gray,재고충분,FM Edge Heater,대수리,2026-09-04,2026-06-05,-90,0,0,0;0;0;0;0;0;0;0;0;0;0;0;0;0;0;0;0;0;0;0;0;0;0;0
Q2095032,SEO26FF,계획품,classification_result.csv,B,0,0,0,감축,계획품 원칙0(비핵심설비→수리일정발주),gray,재고불요,,상시,,,,,0,0;0;0;0;0;0;0;0;0;0;0;0;0;0;0;0;0;0;0;0;0;0;0;0
Q2095281,SEO26FF,계획품,classification_result.csv,C,0,0,0,감축,계획품 원칙0(비핵심설비→수리일정발주),gray,재고불요,,상시,,,,,0,0;0;0;0;0;0;0;0;0;0;0;0;0;0;0;0;0;0;0;0;0;0;0;0
Q2095868,SEO26FF,계획품,classification_result.csv,B,0,0,0,감축,계획품 원칙0(비핵심설비→수리일정발주),gray,재고불요,,상시,,,,,0,0;0;0;0;0;0;0;0;0;0;0;0;0;0;0;0;0;0;0;0;0;0;0;0
Q2096490,SEO26FF,보험품,classification_result.csv,C,2,1,1253120,발주,"비핵심보험[C] μ_LT+SS(Z1.28)=2,상한3→2",yellow,발주임박,,상시,,,,,0,0;0;0;0;0;0;0;0;0;0;0;0;0;0;0;0;0;0;0;0;0;0;0;0
Q2097306,SEO26FF,보험품,master.csv,C,4,0,0,감축,"핵심보험[C] μ_LT+SS(Z1.28)=4,상한4,기준1→4",gray,충분,FM Main Motor,상시,,,,,1,0;0;0;0;0;0;0;0;0;0;0;0;0;0;0;0;0;0;4;0;0;0;0;0
Q2097711,SEO26FF,보험품,classification_result.csv,B,3,2,1000000,발주,"비핵심보험[B] μ_LT+SS(Z1.65)=3,상한5→3",red,즉시발주,,상시,,,,,6,0;2;0;0;2;0;0;0;0;0;0;0;2;2;0;0;0;0;0;0;0;0;2;0
Q2097972,SEO26FF,계획품,classification_result.csv,C,0,0,0,감축,계획품 원칙0(비핵심설비→수리일정발주),gray,재고불요,,상시,,,,,4,0;0;0;0;0;0;0;0;0;0;1;0;0;0;0;2;0;4;0;0;0;0;0;0
Q2098351,SEO26FF,계획품,classification_result.csv,C,0,0,0,감축,계획품 원칙0(비핵심설비→수리일정발주),gray,재고불요,,상시,,,,,2,0;0;0;0;0;0;0;0;0;0;0;0;2;0;0;0;0;0;0;2;0;0;0;0
Q2098353,SEO26FF,계획품,classification_result.csv,B,0,0,0,감축,계획품 원칙0(비핵심설비→수리일정발주),gray,재고불요,,상시,,,,,1,0;0;0;0;0;0;0;0;0;0;0;0;2;0;0;0;0;0;0;0;0;0;0;0
Q2098900,SEO26FF,계획품,classification_result.csv,B,0,0,0,감축,계획품 원칙0(비핵심설비→수리일정발주),gray,재고불요,,상시,,,,,1,0;0;0;1;0;0;0;0;0;0;0;0;0;0;0;0;0;0;0;0;0;0;0;0
Q2100582,SEO26FF,계획품,master.csv,C,0,0,0,감축,핵심설비 계획품이나 소요비활발(λ0.6)→0,gray,재고불요,,상시,,,,,3,2;0;0;0;0;0;0;0;0;0;0;0;0;0;0;0;0;0;0;0;8;0;0;0
Q2101008,SEO26FF,보험품,classification_result.csv,A,2,0,0,감축,"핵심보험[A] μ_LT+SS(Z2.05)=2,상한2,기준1→2",gray,충분,FM Screw Down,상시,,,,,0,0;0;0;0;0;0;0;0;0;0;0;0;0;0;0;0;0;0;0;0;0;0;0;0
Q2101009,SEO26FF,보험품,classification_result.csv,A,6,2,26824,발주,"핵심보험[A] μ_LT+SS(Z2.05)=6,상한6,기준1→6",yellow,발주임박,FM Screw Down,상시,,,,,0,0;0;0;0;0;0;0;0;0;0;0;0;0;0;0;0;0;0;0;0;0;0;0;0
Q2101010,SEO26FF,계획품,classification_result.csv,A,0,0,0,감축,핵심설비 계획품이나 3년무소요→0,gray,재고충분,FM Screw Down,대수리,2026-09-04,2026-06-03,-92,0,0,0;0;0;0;0;0;0;0;0;0;0;0;0;0;0;0;0;0;0;0;0;0;0;0
Q2101882,SEO26FF,계획품,master.csv,B,0,0,0,감축,계획품 원칙0(비핵심설비→수리일정발주),gray,재고불요,,상시,,,,,2,0;0;0;0;0;0;0;0;0;0;0;0;0;0;0;1;0;0;0;0;0;0;1;0
Q2102570,SEO26FF,계획품,classification_result.csv,C,0,0,0,감축,계획품 원칙0(비핵심설비→수리일정발주),gray,재고불요,,상시,,,,,0,0;0;0;0;0;0;0;0;0;0;0;0;0;0;0;0;0;0;0;0;0;0;0;0
Q2104247,SEO26FF,계획품,classification_result.csv,C,0,0,0,감축,계획품 원칙0(비핵심설비→수리일정발주),gray,재고불요,,상시,,,,,0,0;0;0;0;0;0;0;0;0;0;0;0;0;0;0;0;0;0;0;0;0;0;0;0
Q2106112,SEO26FF,계획품,classification_result.csv,B,0,0,0,감축,계획품 원칙0(비핵심설비→수리일정발주),gray,재고불요,,상시,,,,,0,0;0;0;0;0;0;0;0;0;0;0;0;0;0;0;0;0;0;0;0;0;0;0;0
Q2110732,SEO26FF,계획품,classification_result.csv,C,0,0,0,감축,핵심설비 계획품이나 3년무소요→0,gray,재고충분,FM Roll Alignment,대수리,2026-09-04,2026-03-08,-179,0,0,0;0;0;0;0;0;0;0;0;0;0;0;0;0;0;0;0;0;0;0;0;0;0;0
Q2110733,SEO26FF,보험품,classification_result.csv,S,1,0,0,유지,"핵심보험[S] μ_LT+SS(Z2.58)=1,상한1,기준1→1",green,여유,FM Roll Alignment,상시,,,,,0,0;0;0;0;0;0;0;0;0;0;0;0;0;0;0;0;0;0;0;0;0;0;0;0
Q2116016,SEO26FF,보험품,classification_result.csv,S,8,0,0,유지,"핵심보험[S] μ_LT+SS(Z2.58)=9,상한8,기준1→8",green,여유,FM Spindle 감속기,상시,,,,,2,0;0;0;0;0;0;8;0;0;0;0;0;0;0;0;0;0;8;0;0;0;0;0;0
Q2116265,SEO26FF,보험품,classification_result.csv,B,7,2,1281372,발주,"비핵심보험[B] μ_LT+SS(Z1.65)=7,상한16→7",yellow,발주임박,,상시,,,,,1,0;0;0;0;0;0;16;0;0;0;0;0;0;0;0;0;0;0;0;0;0;0;0;0
Q2116694,SEO26FF,계획품,classification_result.csv,B,0,0,0,감축,계획품 원칙0(비핵심설비→수리일정발주),gray,재고불요,,상시,,,,,2,1;1;0;0;0;0;0;0;0;0;0;0;0;0;0;0;0;0;0;0;0;0;0;0
Q2116695,SEO26FF,보험품,master.csv,B,1,0,0,유지,"비핵심보험[B] μ_LT+SS(Z1.65)=1,상한2→1",green,여유,,상시,,,,,3,1;1;0;0;0;0;0;0;0;0;0;0;0;0;0;1;0;0;0;0;0;0;0;0
Q2117078,SEO26FF,보험품,classification_result.csv,A,4,0,0,감축,"비핵심보험[A] μ_LT+SS(Z2.05)=4,상한7→4",gray,충분,,상시,,,,,3,0;0;0;3;0;0;2;0;0;2;0;0;0;0;0;0;0;0;0;0;0;0;0;0
Q2118354,SEO26FF,보험품,classification_result.csv,B,52,32,466688,발주,"비핵심보험[B] μ_LT+SS(Z1.65)=52,상한100→52",red,즉시발주,,상시,,,,,0,0;0;0;0;0;0;0;0;0;0;0;0;0;0;0;0;0;0;0;0;0;0;0;0
Q2118643,SEO26FF,계획품,classification_result.csv,A,0,0,0,감축,계획품 원칙0(비핵심설비→수리일정발주),gray,재고불요,,상시,,,,,3,0;0;0;0;0;0;0;0;0;2;10;3;0;0;0;0;0;0;0;0;0;0;0;0
Q2118996,SEO26FF,계획품,classification_result.csv,S,0,0,0,유지,핵심설비 계획품이나 3년무소요→0,gray,재고불요,,상시,,,,,0,0;0;0;0;0;0;0;0;0;0;0;0;0;0;0;0;0;0;0;0;0;0;0;0
Q2119613,SEO26FF,보험품,master.csv,C,0,0,0,감축,비핵심보험[C] 소요無→0,gray,재고불요,,상시,,,,,0,0;0;0;0;0;0;0;0;0;0;0;0;0;0;0;0;0;0;0;0;0;0;0;0
Q2120491,SEO26FF,계획품,classification_result.csv,A,0,0,0,감축,핵심설비 계획품이나 소요비활발(λ0.2)→0,gray,재고충분,FM Spindle 감속기,대수리,2026-09-04,2026-05-24,-102,0,2,0;0;0;0;0;0;0;7;0;0;0;7;0;0;0;0;0;0;0;0;0;0;0;0
Q2122540,SEO26FF,계획품,classification_result.csv,B,0,0,0,감축,계획품 원칙0(비핵심설비→수리일정발주),gray,재고충분,FM Main Motor,대수리,2026-09-04,2026-03-13,-174,0,0,0;0;0;0;0;0;0;0;0;0;0;0;0;0;0;0;0;0;0;0;0;0;0;0
Q2124049,SEO26FF,계획품,classification_result.csv,S,0,0,0,유지,핵심설비 계획품이나 3년무소요→0,gray,재고불요,,상시,,,,,0,0;0;0;0;0;0;0;0;0;0;0;0;0;0;0;0;0;0;0;0;0;0;0;0
Q2125396,SEO26FF,계획품,classification_result.csv,B,0,0,0,감축,계획품 원칙0(비핵심설비→수리일정발주),gray,재고불요,,상시,,,,,1,0;0;0;0;0;0;0;0;0;2;0;0;0;0;0;0;0;0;0;0;0;0;0;0
Q2125412,SEO26FF,계획품,classification_result.csv,A,0,0,0,감축,계획품 원칙0(비핵심설비→수리일정발주),gray,재고불요,,상시,,,,,2,0;2;0;0;0;0;0;0;0;2;0;0;0;0;0;0;0;0;0;0;0;0;0;0
Q2125413,SEO26FF,계획품,classification_result.csv,A,0,0,0,감축,계획품 원칙0(비핵심설비→수리일정발주),gray,재고불요,,상시,,,,,1,0;0;0;0;0;0;0;0;0;0;0;0;0;2;0;0;0;0;0;0;0;0;0;0
Q2125462,SEO26FF,보험품,classification_result.csv,B,3,1,14630000,발주,"비핵심보험[B] μ_LT+SS(Z1.65)=3,상한6→3",yellow,발주임박,,상시,,,,,0,0;0;0;0;0;0;0;0;0;0;0;0;0;0;0;0;0;0;0;0;0;0;0;0
Q2125464,SEO26FF,보험품,classification_result.csv,B,3,1,18690000,발주,"비핵심보험[B] μ_LT+SS(Z1.65)=3,상한6→3",yellow,발주임박,,상시,,,,,0,0;0;0;0;0;0;0;0;0;0;0;0;0;0;0;0;0;0;0;0;0;0;0;0
Q2126080,SEO26FF,계획품,classification_result.csv,B,0,0,0,감축,계획품 원칙0(비핵심설비→수리일정발주),gray,재고불요,,상시,,,,,0,0;0;0;0;0;0;0;0;0;0;0;0;0;0;0;0;0;0;0;0;0;0;0;0
Q2126459,SEO26FF,보험품,classification_result.csv,C,0,0,0,감축,비핵심보험[C] 소요無→0,gray,재고불요,,상시,,,,,0,0;0;0;0;0;0;0;0;0;0;0;0;0;0;0;0;0;0;0;0;0;0;0;0
Q2130291,SEO26FF,보험품,master.csv,S,1,0,0,감축,핵심보험[S] 소요無→기준1,gray,충분,,상시,,,,,0,0;0;0;0;0;0;0;0;0;0;0;0;0;0;0;0;0;0;0;0;0;0;0;0
Q2130293,SEO26FF,보험품,classification_result.csv,S,1,1,4616560,발주,핵심보험[S] 소요無→기준1,red,즉시발주,,상시,,,,,0,0;0;0;0;0;0;0;0;0;0;0;0;0;0;0;0;0;0;0;0;0;0;0;0
Q2133117,SEO26FF,보험품,master.csv,B,0,0,0,감축,비핵심보험[B] 소요無→0,gray,재고불요,,상시,,,,,0,0;0;0;0;0;0;0;0;0;0;0;0;0;0;0;0;0;0;0;0;0;0;0;0
Q2133118,SEO26FF,보험품,classification_result.csv,B,2,0,0,유지,"비핵심보험[B] μ_LT+SS(Z1.65)=2,상한2→2",green,여유,,상시,,,,,0,0;0;0;0;0;0;0;0;0;0;0;0;0;0;0;0;0;0;0;0;0;0;0;0
Q2133119,SEO26FF,보험품,classification_result.csv,C,1,0,0,유지,"비핵심보험[C] μ_LT+SS(Z1.28)=1,상한1→1",green,여유,,상시,,,,,0,0;0;0;0;0;0;0;0;0;0;0;0;0;0;0;0;0;0;0;0;0;0;0;0
Q2135729,SEO26FF,계획품,classification_result.csv,C,0,0,0,감축,계획품 원칙0(비핵심설비→수리일정발주),gray,재고불요,,상시,,,,,11,3;3;0;0;0;0;2;0;0;0;0;4;0;0;0;1;1;4;0;0;0;0;1;0
Q2137371,SEO26FF,계획품,classification_result.csv,B,0,0,0,감축,계획품 원칙0(비핵심설비→수리일정발주),gray,재고불요,,상시,,,,,0,0;0;0;0;0;0;0;0;0;0;0;0;0;0;0;0;0;0;0;0;0;0;0;0
Q2137920,SEO26FF,계획품,master.csv,C,0,0,0,감축,계획품 원칙0(비핵심설비→수리일정발주),gray,재고불요,,상시,,,,,1,0;0;0;0;0;0;1;0;0;0;0;0;0;0;0;0;0;0;0;0;0;0;0;0
Q2137922,SEO26FF,계획품,classification_result.csv,B,0,0,0,감축,계획품 원칙0(비핵심설비→수리일정발주),gray,재고불요,,상시,,,,,2,0;0;0;0;0;0;0;0;0;0;0;0;0;0;0;0;0;0;2;0;0;0;0;0
Q2139926,SEO26FF,보험품,master.csv,S,3,2,2200000,발주,"핵심보험[S] μ_LT+SS(Z2.58)=3,상한5,기준1→3",red,즉시발주,,상시,,,,,1,0;0;0;0;0;0;0;0;0;0;0;0;0;0;0;0;0;0;0;1;0;0;0;0
Q2139998,SEO26FF,보험품,classification_result.csv,S,1,0,0,유지,"핵심보험[S] μ_LT+SS(Z2.58)=1,상한0,기준1→1",green,여유,,상시,,,,,0,0;0;0;0;0;0;0;0;0;0;0;0;0;0;0;0;0;0;0;0;0;0;0;0
Q2140042,SEO26FF,계획품,classification_result.csv,B,0,0,0,감축,계획품 원칙0(비핵심설비→수리일정발주),gray,재고불요,,상시,,,,,0,0;0;0;0;0;0;0;0;0;0;0;0;0;0;0;0;0;0;0;0;0;0;0;0
Q2141016,SEO26FF,계획품,classification_result.csv,C,0,0,0,감축,계획품 원칙0(비핵심설비→수리일정발주),gray,재고불요,,상시,,,,,0,0;0;0;0;0;0;0;0;0;0;0;0;0;0;0;0;0;0;0;0;0;0;0;0
Q2141021,SEO26FF,계획품,classification_result.csv,B,0,0,0,감축,계획품 원칙0(비핵심설비→수리일정발주),gray,재고불요,,상시,,,,,1,2;0;0;0;0;0;0;0;0;0;0;0;0;0;0;0;0;0;0;0;0;0;0;0
Q2142284,SEO26FF,계획품,classification_result.csv,A,0,0,0,감축,핵심설비 계획품이나 소요비활발(λ0.4)→0,gray,재고충분,FM Main Motor,대수리,2026-09-04,2026-04-08,-148,0,3,0;0;0;0;0;2;0;2;0;0;2;0;0;0;0;0;0;0;0;0;0;0;0;0
Q2142898,SEO26FF,계획품,classification_result.csv,A,0,0,0,감축,핵심설비 계획품이나 소요비활발(λ0.4)→0,gray,재고충분,FM Pinion Stand,대수리,2026-09-04,2026-05-17,-109,0,1,4;0;0;0;0;0;0;0;0;0;0;0;0;0;0;0;0;0;0;0;0;0;0;0
Q2143052,SEO26FF,계획품,classification_result.csv,C,0,0,0,감축,계획품 원칙0(비핵심설비→수리일정발주),gray,재고불요,,상시,,,,,0,0;0;0;0;0;0;0;0;0;0;0;0;0;0;0;0;0;0;0;0;0;0;0;0
Q2143592,SEO26FF,계획품,classification_result.csv,S,0,0,0,유지,핵심설비 계획품이나 3년무소요→0,gray,재고불요,,상시,,,,,0,0;0;0;0;0;0;0;0;0;0;0;0;0;0;0;0;0;0;0;0;0;0;0;0
Q2143616,SEO26FF,계획품,classification_result.csv,S,0,0,0,유지,핵심설비 계획품이나 3년무소요→0,gray,재고불요,,상시,,,,,0,0;0;0;0;0;0;0;0;0;0;0;0;0;0;0;0;0;0;0;0;0;0;0;0
Q2144319,SEO26FF,보험품,classification_result.csv,C,3,2,1278068,발주,"비핵심보험[C] μ_LT+SS(Z1.28)=3,상한0→3",red,즉시발주,,상시,,,,,1,0;3;0;0;0;0;0;0;0;0;0;0;0;0;0;0;0;0;0;0;0;0;0;0
Q2146787,SEO26FF,보험품,classification_result.csv,S,2,1,2793197,발주,"핵심보험[S] μ_LT+SS(Z2.58)=3,상한2,기준1→2",yellow,발주임박,QOC Servo,상시,,,,,1,0;0;0;0;0;0;0;0;0;0;0;0;0;0;0;0;0;0;0;0;0;0;3;0
Q2147980,SEO26FF,계획품,classification_result.csv,B,0,0,0,감축,계획품 원칙0(비핵심설비→수리일정발주),gray,재고불요,,상시,,,,,2,0;0;1;0;0;1;0;0;0;0;0;0;0;0;0;0;0;0;0;0;0;0;0;0
Q2154362,SEO26FF,계획품,classification_result.csv,C,0,0,0,감축,계획품 원칙0(비핵심설비→수리일정발주),gray,재고충분,FM Main Motor,대수리,2026-09-04,2026-01-10,-236,0,3,0;2;0;0;0;0;0;0;0;1;0;0;0;0;0;0;1;0;0;0;0;0;0;0
Q2162230,SEO26FF,계획품,classification_result.csv,C,0,0,0,감축,계획품 원칙0(비핵심설비→수리일정발주),gray,재고불요,,상시,,,,,2,0;0;0;0;0;0;0;0;0;0;0;0;2;0;0;2;0;0;0;0;0;0;0;0
Q2162413,SEO26FF,보험품,classification_result.csv,A,2,0,0,유지,"핵심보험[A] μ_LT+SS(Z2.05)=2,상한2,기준1→2",green,여유,FM Screw Down,상시,,,,,0,0;0;0;0;0;0;0;0;0;0;0;0;0;0;0;0;0;0;0;0;0;0;0;0
Q2163394,SEO26FF,계획품,classification_result.csv,B,0,0,0,감축,계획품 원칙0(비핵심설비→수리일정발주),gray,재고충분,FM Main Motor,대수리,2026-09-04,2026-05-19,-107,0,2,1;0;1;0;0;0;0;0;0;0;0;0;0;0;0;0;0;0;0;0;0;0;0;0
Q2166135,SEO26FF,계획품,classification_result.csv,C,0,0,0,감축,계획품 원칙0(비핵심설비→수리일정발주),gray,재고불요,,상시,,,,,1,0;0;0;0;0;0;0;0;0;0;0;0;0;0;0;0;0;2;0;0;0;0;0;0
Q2166833,SEO26FF,보험품,classification_result.csv,B,6,2,259600,발주,"비핵심보험[B] μ_LT+SS(Z1.65)=6,상한16→6",yellow,발주임박,,상시,,,,,1,4;0;0;0;0;0;0;0;0;0;0;0;0;0;0;0;0;0;0;0;0;0;0;0
Q2168061,SEO26FF,계획품,master.csv,B,0,0,0,감축,계획품 원칙0(비핵심설비→수리일정발주),gray,재고불요,,상시,,,,,2,0;0;0;0;0;0;0;0;0;0;0;0;10;0;0;0;0;0;0;0;0;0;2;0
Q2168437,SEO26FF,계획품,master.csv,C,0,0,0,감축,계획품 원칙0(비핵심설비→수리일정발주),gray,재고불요,,상시,,,,,0,0;0;0;0;0;0;0;0;0;0;0;0;0;0;0;0;0;0;0;0;0;0;0;0
Q2169758,SEO26FF,보험품,classification_result.csv,B,2,1,2007915,발주,"비핵심보험[B] μ_LT+SS(Z1.65)=2,상한3→2",yellow,발주임박,,상시,,,,,2,1;0;0;0;0;0;0;0;0;0;0;0;0;0;0;0;1;0;0;0;0;0;0;0
Q2173282,SEO26FF,보험품,classification_result.csv,C,2,1,4769000,발주,"비핵심보험[C] μ_LT+SS(Z1.28)=2,상한6→2",yellow,발주임박,,상시,,,,,0,0;0;0;0;0;0;0;0;0;0;0;0;0;0;0;0;0;0;0;0;0;0;0;0
Q2176849,SEO26FF,보험품,classification_result.csv,B,1,0,0,유지,"비핵심보험[B] μ_LT+SS(Z1.65)=1,상한2→1",green,여유,,상시,,,,,2,1;1;0;0;0;0;0;0;0;0;0;0;0;0;0;0;0;0;0;0;0;0;0;0
Q2177492,SEO26FF,계획품,classification_result.csv,A,0,0,0,감축,핵심설비 계획품이나 소요비활발(λ0.5)→0,gray,재고불요,,상시,,,,,0,0;0;0;0;0;0;0;0;0;0;0;0;0;0;0;0;0;0;0;0;0;0;0;0
Q2177493,SEO26FF,계획품,classification_result.csv,B,0,0,0,감축,계획품 원칙0(비핵심설비→수리일정발주),gray,재고불요,,상시,,,,,1,0;0;0;0;0;0;0;0;0;0;0;0;0;0;0;0;0;0;0;0;0;0;0;1
Q2179246,SEO26FF,계획품,classification_result.csv,B,0,0,0,감축,계획품 원칙0(비핵심설비→수리일정발주),gray,재고불요,,상시,,,,,1,2;0;0;0;0;0;0;0;0;0;0;0;0;0;0;0;0;0;0;0;0;0;0;0
Q2184244,SEO26FF,계획품,classification_result.csv,A,0,0,0,감축,핵심설비 계획품이나 3년무소요→0,gray,재고불요,,상시,,,,,0,0;0;0;0;0;0;0;0;0;0;0;0;0;0;0;0;0;0;0;0;0;0;0;0
Q2184478,SEO26FF,계획품,classification_result.csv,A,0,0,0,감축,핵심설비 계획품이나 3년무소요→0,gray,재고불요,,상시,,,,,0,0;0;0;0;0;0;0;0;0;0;0;0;0;0;0;0;0;0;0;0;0;0;0;0
Q2184712,SEO26FF,보험품,classification_result.csv,B,1,0,0,감축,"비핵심보험[B] μ_LT+SS(Z1.65)=1,상한2→1",gray,충분,,상시,,,,,2,1;1;0;0;0;0;0;0;0;0;0;0;0;0;0;0;0;0;0;0;0;0;0;0
Q2185181,SEO26FF,보험품,classification_result.csv,S,1,0,0,감축,핵심보험[S] 소요無→기준1,gray,충분,,상시,,,,,0,0;0;0;0;0;0;0;0;0;0;0;0;0;0;0;0;0;0;0;0;0;0;0;0
Q2187474,SEO26FF,보험품,classification_result.csv,B,5,0,0,감축,"비핵심보험[B] μ_LT+SS(Z1.65)=5,상한7→5",gray,충분,FM Main Motor,상시,,,,,2,0;7;0;0;0;0;0;0;0;0;0;0;0;0;0;0;0;0;0;0;0;0;0;0
Q2190703,SEO26FF,보험품,classification_result.csv,A,1,0,0,유지,"핵심보험[A] μ_LT+SS(Z2.05)=1,상한1,기준1→1",green,여유,FM Hot Leveller,상시,,,,,0,0;0;0;0;0;0;0;0;0;0;0;0;0;0;0;0;0;0;0;0;0;0;0;0
Q2191618,SEO26FF,계획품,classification_result.csv,B,0,0,0,감축,계획품 원칙0(비핵심설비→수리일정발주),gray,재고불요,,상시,,,,,3,0;0;0;10;0;0;10;0;0;0;0;0;0;10;0;0;0;0;0;0;0;0;0;0
Q2191857,SEO26FF,보험품,classification_result.csv,C,0,0,0,감축,비핵심보험[C] 소요無→0,gray,재고불요,,상시,,,,,0,0;0;0;0;0;0;0;0;0;0;0;0;0;0;0;0;0;0;0;0;0;0;0;0
Q2194210,SEO26FF,보험품,classification_result.csv,B,3,0,0,유지,"비핵심보험[B] μ_LT+SS(Z1.65)=3,상한6→3",green,여유,,상시,,,,,1,0;0;0;0;0;0;0;0;3;0;0;0;0;0;0;0;0;0;0;0;0;0;0;0
Q2194211,SEO26FF,계획품,classification_result.csv,B,0,0,0,감축,계획품 원칙0(비핵심설비→수리일정발주),gray,재고불요,,상시,,,,,1,0;0;0;0;0;0;0;0;3;0;0;0;0;0;0;0;0;0;0;0;0;0;0;0
Q2194827,SEO26FF,보험품,classification_result.csv,C,3,1,551000,발주,"비핵심보험[C] μ_LT+SS(Z1.28)=3,상한12→3",yellow,발주임박,,상시,,,,,1,2;0;0;0;0;0;0;0;0;0;0;0;0;0;0;0;0;0;0;0;0;0;0;0
Q2195767,SEO26FF,계획품,master.csv,B,0,0,0,감축,계획품 원칙0(비핵심설비→수리일정발주),gray,재고불요,,상시,,,,,1,0;0;0;0;0;0;0;0;2;0;0;0;0;0;0;0;0;0;0;0;0;0;0;0
Q2200004,SEO26FF,계획품,classification_result.csv,B,0,0,0,감축,계획품 원칙0(비핵심설비→수리일정발주),gray,재고불요,,상시,,,,,1,0;16;0;0;0;0;0;0;0;0;0;0;0;0;0;0;0;0;0;0;0;0;0;0
Q2200005,SEO26FF,보험품,master.csv,B,16,0,0,유지,"비핵심보험[B] μ_LT+SS(Z1.65)=16,상한16→16",green,여유,,상시,,,,,0,0;0;0;0;0;0;0;0;0;0;0;0;0;0;0;0;0;0;0;0;0;0;0;0
Q2200464,SEO26FF,계획품,classification_result.csv,C,0,0,0,감축,계획품 원칙0(비핵심설비→수리일정발주),gray,재고불요,,상시,,,,,0,0;0;0;0;0;0;0;0;0;0;0;0;0;0;0;0;0;0;0;0;0;0;0;0
Q2200465,SEO26FF,계획품,classification_result.csv,C,0,0,0,감축,계획품 원칙0(비핵심설비→수리일정발주),gray,재고불요,,상시,,,,,0,0;0;0;0;0;0;0;0;0;0;0;0;0;0;0;0;0;0;0;0;0;0;0;0
Q2200466,SEO26FF,보험품,master.csv,C,6,2,26824,발주,"비핵심보험[C] μ_LT+SS(Z1.28)=6,상한0→6",yellow,발주임박,,상시,,,,,0,0;0;0;0;0;0;0;0;0;0;0;0;0;0;0;0;0;0;0;0;0;0;0;0
Q2202508,SEO26FF,보험품,classification_result.csv,A,1,0,0,유지,"핵심보험[A] μ_LT+SS(Z2.05)=1,상한1,기준1→1",green,여유,FM Roll Alignment,상시,,,,,0,0;0;0;0;0;0;0;0;0;0;0;0;0;0;0;0;0;0;0;0;0;0;0;0
Q2206557,SEO26FF,보험품,classification_result.csv,C,4,0,0,유지,"비핵심보험[C] μ_LT+SS(Z1.28)=4,상한4→4",green,여유,,상시,,,,,2,0;0;0;0;0;0;0;0;0;0;0;4;0;0;4;0;0;0;0;0;0;0;0;0
Q2208062,SEO26FF,계획품,classification_result.csv,C,0,0,0,감축,계획품 원칙0(비핵심설비→수리일정발주),gray,재고불요,,상시,,,,,2,0;0;0;0;0;1;0;0;0;0;0;0;0;5;0;0;0;0;0;0;0;0;0;0
Q2210205,SEO26FF,계획품,classification_result.csv,B,0,0,0,감축,핵심설비 계획품이나 소요비활발(λ0.2)→0,gray,재고충분,Stand Main TR,대수리,2026-09-04,2026-01-21,-225,0,1,0;2;0;0;0;0;0;0;0;0;0;0;0;0;0;0;0;0;0;0;0;0;0;0
Q2212113,SEO26FF,보험품,master.csv,S,2,1,5700000,발주,"핵심보험[S] μ_LT+SS(Z2.58)=2,상한2,기준1→2",yellow,발주임박,,상시,,,,,1,0;0;0;0;0;0;0;0;0;0;0;0;1;0;0;0;0;0;0;0;0;0;0;0
Q2217711,SEO26FF,계획품,master.csv,B,0,0,0,감축,계획품 원칙0(비핵심설비→수리일정발주),gray,재고불요,,상시,,,,,0,0;0;0;0;0;0;0;0;0;0;0;0;0;0;0;0;0;0;0;0;0;0;0;0
Q2223743,SEO26FF,보험품,classification_result.csv,B,2,0,0,유지,"비핵심보험[B] μ_LT+SS(Z1.65)=2,상한3→2",green,여유,,상시,,,,,1,0;1;0;0;0;0;0;0;0;0;0;0;0;0;0;0;0;0;0;0;0;0;0;0
Q2224741,SEO26FF,계획품,classification_result.csv,B,0,0,0,감축,계획품 원칙0(비핵심설비→수리일정발주),gray,재고불요,,상시,,,,,1,0;0;0;0;0;2;0;0;0;0;0;0;0;0;0;0;0;0;0;0;0;0;0;0
Q2226242,SEO26FF,보험품,classification_result.csv,S,1,1,11730000,발주,핵심보험[S] 소요無→기준1,red,즉시발주,,상시,,,,,0,0;0;0;0;0;0;0;0;0;0;0;0;0;0;0;0;0;0;0;0;0;0;0;0
Q2228118,SEO26FF,보험품,master.csv,B,2,1,900000,발주,"비핵심보험[B] μ_LT+SS(Z1.65)=2,상한2→2",yellow,발주임박,,상시,,,,,1,0;0;0;0;0;0;0;0;0;0;0;1;0;0;0;0;0;0;0;0;0;0;0;0
Q2228203,SEO26FF,계획품,classification_result.csv,B,0,0,0,감축,계획품 원칙0(비핵심설비→수리일정발주),gray,재고불요,,상시,,,,,0,0;0;0;0;0;0;0;0;0;0;0;0;0;0;0;0;0;0;0;0;0;0;0;0
Q2228264,SEO26FF,보험품,classification_result.csv,A,5,3,420000,발주,"핵심보험[A] μ_LT+SS(Z2.05)=5,상한10,기준1→5",red,즉시발주,FM Main Motor,상시,,,,,0,0;0;0;0;0;0;0;0;0;0;0;0;0;0;0;0;0;0;0;0;0;0;0;0
Q2233578,SEO26FF,계획품,classification_result.csv,B,0,0,0,감축,핵심설비 계획품이나 소요비활발(λ0.2)→0,gray,재고충분,Stand Main TR,대수리,2026-09-04,2026-01-21,-225,0,1,0;1;0;0;0;0;0;0;0;0;0;0;0;0;0;0;0;0;0;0;0;0;0;0
Q2234798,SEO26FF,계획품,master.csv,S,0,0,0,감축,핵심설비 계획품이나 소요비활발(λ0.2)→0,gray,재고불요,,상시,,,,,0,0;0;0;0;0;0;0;0;0;0;0;0;0;0;0;0;0;0;0;0;0;0;0;0
Q2235169,SEO26FF,계획품,classification_result.csv,B,0,0,0,감축,계획품 원칙0(비핵심설비→수리일정발주),gray,재고불요,,상시,,,,,1,1;0;0;0;0;0;0;0;0;0;0;0;0;0;0;0;0;0;0;0;0;0;0;0
Q2235172,SEO26FF,계획품,classification_result.csv,B,0,0,0,감축,계획품 원칙0(비핵심설비→수리일정발주),gray,재고불요,,상시,,,,,1,1;0;0;0;0;0;0;0;0;0;0;0;0;0;0;0;0;0;0;0;0;0;0;0
Q3200485,SEO26FF,계획품,classification_result.csv,C,0,0,0,감축,계획품 원칙0(비핵심설비→수리일정발주),gray,재고불요,,상시,,,,,1,0;0;0;0;0;0;0;0;0;0;0;0;0;0;8;0;0;0;0;0;0;0;0;0
Q3401267,SEO26FF,계획품,classification_result.csv,C,0,0,0,감축,계획품 원칙0(비핵심설비→수리일정발주),gray,재고불요,,상시,,,,,0,0;0;0;0;0;0;0;0;0;0;0;0;0;0;0;0;0;0;0;0;0;0;0;0
Q4002139,SEO26FF,계획품,classification_result.csv,B,0,0,0,감축,계획품 원칙0(비핵심설비→수리일정발주),gray,재고불요,,상시,,,,,1,1;0;0;0;0;0;0;0;0;0;0;0;0;0;0;0;0;0;0;0;0;0;0;0
Q4003811,SEO26FF,보험품,master.csv,B,1,0,0,유지,"비핵심보험[B] μ_LT+SS(Z1.65)=1,상한1→1",green,여유,,상시,,,,,1,0;1;0;0;0;0;0;0;0;0;0;0;0;0;0;0;0;0;0;0;0;0;0;0
Q4005375,SEO26FF,보험품,classification_result.csv,B,2,0,0,유지,"비핵심보험[B] μ_LT+SS(Z1.65)=2,상한0→2",green,여유,,상시,,,,,0,0;0;0;0;0;0;0;0;0;0;0;0;0;0;0;0;0;0;0;0;0;0;0;0
Q4008483,SEO26FF,계획품,classification_result.csv,C,0,0,0,감축,계획품 원칙0(비핵심설비→수리일정발주),gray,재고불요,,상시,,,,,0,0;0;0;0;0;0;0;0;0;0;0;0;0;0;0;0;0;0;0;0;0;0;0;0
Q4008484,SEO26FF,계획품,classification_result.csv,C,0,0,0,감축,계획품 원칙0(비핵심설비→수리일정발주),gray,재고불요,,상시,,,,,0,0;0;0;0;0;0;0;0;0;0;0;0;0;0;0;0;0;0;0;0;0;0;0;0
Q4008971,SEO26FF,계획품,classification_result.csv,C,0,0,0,감축,계획품 원칙0(비핵심설비→수리일정발주),gray,재고불요,,상시,,,,,0,0;0;0;0;0;0;0;0;0;0;0;0;0;0;0;0;0;0;0;0;0;0;0;0
Q4011271,SEO26FF,보험품,classification_result.csv,B,20,15,47655,발주,"비핵심보험[B] μ_LT+SS(Z1.65)=20,상한0→20",red,즉시발주,,상시,,,,,0,0;0;0;0;0;0;0;0;0;0;0;0;0;0;0;0;0;0;0;0;0;0;0;0
Q4012998,SEO26FF,계획품,classification_result.csv,A,0,0,0,감축,핵심설비 계획품이나 소요비활발(λ0.4)→0,gray,재고충분,Walking Beam 기어베어링,대수리,2026-09-04,2026-05-12,-114,0,2,3;0;0;0;0;0;0;0;0;0;0;0;0;0;0;0;0;0;0;0;0;0;0;0
Q4013000,SEO26FF,보험품,master.csv,S,4,3,7383000,발주,"핵심보험[S] μ_LT+SS(Z2.58)=4,상한7,기준1→4",red,즉시발주,Walking Beam 기어베어링,상시,,,,,1,1;0;0;0;0;0;0;0;0;0;0;0;0;0;0;0;0;0;0;0;0;0;0;0
Q4014292,SEO26FF,계획품,master.csv,C,0,0,0,감축,계획품 원칙0(비핵심설비→수리일정발주),gray,재고불요,,상시,,,,,1,8;0;0;0;0;0;0;0;0;0;0;0;0;0;0;0;0;0;0;0;0;0;0;0
Q4015362,SEO26FF,보험품,master.csv,B,4,3,1980000,발주,"비핵심보험[B] μ_LT+SS(Z1.65)=4,상한8→4",red,즉시발주,,상시,,,,,0,0;0;0;0;0;0;0;0;0;0;0;0;0;0;0;0;0;0;0;0;0;0;0;0
Q4015363,SEO26FF,계획품,classification_result.csv,B,0,0,0,감축,계획품 원칙0(비핵심설비→수리일정발주),gray,재고불요,,상시,,,,,1,0;1;0;0;0;0;0;0;0;0;0;0;0;0;0;0;0;0;0;0;0;0;0;0
Q4015364,SEO26FF,보험품,classification_result.csv,B,4,3,954000,발주,"비핵심보험[B] μ_LT+SS(Z1.65)=4,상한8→4",red,즉시발주,,상시,,,,,1,0;1;0;0;0;0;0;0;0;0;0;0;0;0;0;0;0;0;0;0;0;0;0;0
Q4015365,SEO26FF,계획품,classification_result.csv,B,0,0,0,감축,계획품 원칙0(비핵심설비→수리일정발주),gray,재고불요,,상시,,,,,0,0;0;0;0;0;0;0;0;0;0;0;0;0;0;0;0;0;0;0;0;0;0;0;0
Q4015405,SEO26FF,계획품,master.csv,A,0,0,0,감축,핵심설비 계획품이나 소요비활발(λ0.4)→0,gray,재고충분,FM Roll Alignment,대수리,2026-09-04,2026-05-17,-109,0,4,2;0;1;0;0;0;0;0;0;1;0;4;0;0;0;0;0;0;0;0;0;0;0;0
Q4015414,SEO26FF,보험품,classification_result.csv,B,4,3,118800,발주,"비핵심보험[B] μ_LT+SS(Z1.65)=4,상한8→4",red,즉시발주,,상시,,,,,1,0;1;0;0;0;0;0;0;0;0;0;0;0;0;0;0;0;0;0;0;0;0;0;0
Q4015950,SEO26FF,계획품,classification_result.csv,C,0,0,0,감축,계획품 원칙0(비핵심설비→수리일정발주),gray,재고불요,,상시,,,,,0,0;0;0;0;0;0;0;0;0;0;0;0;0;0;0;0;0;0;0;0;0;0;0;0
Q4015951,SEO26FF,계획품,classification_result.csv,C,0,0,0,감축,계획품 원칙0(비핵심설비→수리일정발주),gray,재고불요,,상시,,,,,0,0;0;0;0;0;0;0;0;0;0;0;0;0;0;0;0;0;0;0;0;0;0;0;0
Q4015952,SEO26FF,계획품,classification_result.csv,C,0,0,0,감축,계획품 원칙0(비핵심설비→수리일정발주),gray,재고불요,,상시,,,,,0,0;0;0;0;0;0;0;0;0;0;0;0;0;0;0;0;0;0;0;0;0;0;0;0
Q4015953,SEO26FF,계획품,classification_result.csv,C,0,0,0,감축,계획품 원칙0(비핵심설비→수리일정발주),gray,재고불요,,상시,,,,,0,0;0;0;0;0;0;0;0;0;0;0;0;0;0;0;0;0;0;0;0;0;0;0;0
Q4017406,SEO26FF,계획품,master.csv,B,0,0,0,감축,계획품 원칙0(비핵심설비→수리일정발주),gray,재고불요,,상시,,,,,0,0;0;0;0;0;0;0;0;0;0;0;0;0;0;0;0;0;0;0;0;0;0;0;0
Q4017996,SEO26FF,계획품,classification_result.csv,S,0,0,0,감축,핵심설비 계획품이나 3년무소요→0,gray,재고불요,,상시,,,,,0,0;0;0;0;0;0;0;0;0;0;0;0;0;0;0;0;0;0;0;0;0;0;0;0
Q4017997,SEO26FF,보험품,classification_result.csv,S,1,0,0,감축,"핵심보험[S] μ_LT+SS(Z2.58)=1,상한1,기준1→1",gray,충분,,상시,,,,,1,0;0;0;0;0;0;1;0;0;0;0;0;0;0;0;0;0;0;0;0;0;0;0;0
Q4017998,SEO26FF,보험품,classification_result.csv,S,2,1,17510329,발주,"핵심보험[S] μ_LT+SS(Z2.58)=2,상한3,기준1→2",yellow,발주임박,,상시,,,,,3,0;0;0;0;0;0;2;1;0;0;0;0;0;0;0;0;0;0;0;0;0;0;0;0
Q4017999,SEO26FF,계획품,classification_result.csv,S,0,0,0,감축,핵심설비 계획품이나 3년무소요→0,gray,재고불요,,상시,,,,,0,0;0;0;0;0;0;0;0;0;0;0;0;0;0;0;0;0;0;0;0;0;0;0;0
Q4018000,SEO26FF,계획품,classification_result.csv,S,0,0,0,감축,핵심설비 계획품이나 3년무소요→0,gray,재고불요,,상시,,,,,0,0;0;0;0;0;0;0;0;0;0;0;0;0;0;0;0;0;0;0;0;0;0;0;0
Q4018004,SEO26FF,보험품,classification_result.csv,S,1,0,0,감축,핵심보험[S] 소요無→기준1,gray,충분,,상시,,,,,0,0;0;0;0;0;0;0;0;0;0;0;0;0;0;0;0;0;0;0;0;0;0;0;0
Q4018005,SEO26FF,보험품,classification_result.csv,S,4,0,0,감축,"핵심보험[S] μ_LT+SS(Z2.58)=2,상한0,기준4→4",gray,충분,,상시,,,,,1,0;0;0;2;0;0;0;0;0;0;0;0;0;0;0;0;0;0;0;0;0;0;0;0
Q4018007,SEO26FF,보험품,classification_result.csv,S,7,2,2163788,발주,핵심보험[S] 소요無→기준7,yellow,발주임박,,상시,,,,,0,0;0;0;0;0;0;0;0;0;0;0;0;0;0;0;0;0;0;0;0;0;0;0;0
Q4018011,SEO26FF,보험품,master.csv,S,10,7,5147270,발주,핵심보험[S] 소요無→기준10,red,즉시발주,,상시,,,,,0,0;0;0;0;0;0;0;0;0;0;0;0;0;0;0;0;0;0;0;0;0;0;0;0
Q4018012,SEO26FF,보험품,master.csv,S,1,0,0,감축,핵심보험[S] 소요無→기준1,gray,충분,,상시,,,,,0,0;0;0;0;0;0;0;0;0;0;0;0;0;0;0;0;0;0;0;0;0;0;0;0
Q4018014,SEO26FF,보험품,classification_result.csv,S,2,0,0,감축,"핵심보험[S] μ_LT+SS(Z2.58)=2,상한2,기준1→2",gray,충분,,상시,,,,,1,0;0;0;0;0;0;0;0;0;0;0;0;0;0;2;0;0;0;0;0;0;0;0;0
Q4018015,SEO26FF,계획품,classification_result.csv,S,0,0,0,감축,핵심설비 계획품이나 3년무소요→0,gray,재고불요,,상시,,,,,0,0;0;0;0;0;0;0;0;0;0;0;0;0;0;0;0;0;0;0;0;0;0;0;0
Q4018016,SEO26FF,보험품,classification_result.csv,S,1,0,0,유지,핵심보험[S] 소요無→기준1,green,여유,,상시,,,,,0,0;0;0;0;0;0;0;0;0;0;0;0;0;0;0;0;0;0;0;0;0;0;0;0
Q4018018,SEO26FF,보험품,classification_result.csv,S,13,12,36603797,발주,핵심보험[S] 소요無→기준13,red,즉시발주,,상시,,,,,0,0;0;0;0;0;0;0;0;0;0;0;0;0;0;0;0;0;0;0;0;0;0;0;0
Q4018019,SEO26FF,계획품,classification_result.csv,S,0,0,0,감축,핵심설비 계획품이나 3년무소요→0,gray,재고불요,,상시,,,,,0,0;0;0;0;0;0;0;0;0;0;0;0;0;0;0;0;0;0;0;0;0;0;0;0
Q4018022,SEO26FF,보험품,classification_result.csv,S,2,0,0,유지,"핵심보험[S] μ_LT+SS(Z2.58)=2,상한3,기준2→2",green,여유,,상시,,,,,4,0;1;0;0;0;0;0;0;0;1;0;0;0;1;1;0;0;0;0;0;0;0;0;0
Q4018023,SEO26FF,보험품,classification_result.csv,S,1,1,2757626,발주,"핵심보험[S] μ_LT+SS(Z2.58)=1,상한1,기준1→1",red,즉시발주,,상시,,,,,1,0;0;0;0;0;1;0;0;0;0;0;0;0;0;0;0;0;0;0;0;0;0;0;0
Q4018210,SEO26FF,보험품,master.csv,S,6,3,8733404,발주,"핵심보험[S] μ_LT+SS(Z2.58)=6,상한10,기준1→6",yellow,발주임박,,상시,,,,,3,0;0;0;0;0;0;0;0;0;0;0;0;0;3;0;0;7;0;0;0;0;0;0;0
Q4020699,SEO26FF,계획품,classification_result.csv,A,0,0,0,감축,핵심설비 계획품이나 소요비활발(λ0.5)→0,gray,재고충분,Table Roller 기어박스,대수리,2026-09-04,2026-05-23,-103,0,3,9;1;0;0;0;0;0;0;0;5;0;0;0;0;0;0;0;0;0;0;0;0;0;0
Q4026534,SEO26FF,보험품,classification_result.csv,C,100,0,0,유지,"비핵심보험[C] μ_LT+SS(Z1.28)=100,상한200→100",green,여유,FM Main Motor,상시,,,,,1,0;0;0;0;0;0;0;0;0;0;0;200;0;0;0;0;0;0;0;0;0;0;0;0
Q4030002,SEO26FF,계획품,classification_result.csv,B,0,0,0,감축,계획품 원칙0(비핵심설비→수리일정발주),gray,재고불요,,상시,,,,,3,4;0;0;0;0;0;0;2;0;0;1;0;0;0;0;0;0;0;0;0;0;0;0;0
Q4030286,SEO26FF,보험품,classification_result.csv,A,1,0,0,유지,핵심보험[A] 소요無→기준1,green,여유,Walking Beam 기어베어링,상시,,,,,0,0;0;0;0;0;0;0;0;0;0;0;0;0;0;0;0;0;0;0;0;0;0;0;0
Q4030636,SEO26FF,보험품,classification_result.csv,A,1,0,0,유지,핵심보험[A] 소요無→기준1,green,여유,Walking Beam 기어베어링,상시,,,,,0,0;0;0;0;0;0;0;0;0;0;0;0;0;0;0;0;0;0;0;0;0;0;0;0
Q4033165,SEO26FF,보험품,classification_result.csv,C,7,5,19665000,발주,"비핵심보험[C] μ_LT+SS(Z1.28)=7,상한16→7",red,즉시발주,,상시,,,,,3,2;0;0;0;0;0;0;0;0;0;2;0;0;0;0;0;0;0;4;0;0;0;0;0
Q4034332,SEO26FF,계획품,classification_result.csv,B,0,0,0,감축,계획품 원칙0(비핵심설비→수리일정발주),gray,재고불요,,상시,,,,,2,0;2;0;0;0;0;0;0;0;0;0;0;0;0;0;0;0;0;0;0;0;0;0;0
Q4034340,SEO26FF,계획품,classification_result.csv,C,0,0,0,감축,계획품 원칙0(비핵심설비→수리일정발주),gray,재고불요,,상시,,,,,0,0;0;0;0;0;0;0;0;0;0;0;0;0;0;0;0;0;0;0;0;0;0;0;0
Q4037546,SEO26FF,보험품,classification_result.csv,B,2,0,0,유지,"비핵심보험[B] μ_LT+SS(Z1.65)=2,상한2→2",green,여유,,상시,,,,,1,0;2;0;0;0;0;0;0;0;0;0;0;0;0;0;0;0;0;0;0;0;0;0;0
Q4039953,SEO26FF,보험품,classification_result.csv,S,3,1,22320000,발주,"핵심보험[S] μ_LT+SS(Z2.58)=3,상한3,기준1→3",yellow,발주임박,,상시,,,,,4,0;0;0;1;0;0;1;0;0;0;0;1;0;0;0;0;0;0;0;0;0;0;0;1
Q4041104,SEO26FF,계획품,classification_result.csv,C,0,0,0,감축,계획품 원칙0(비핵심설비→수리일정발주),gray,재고불요,,상시,,,,,2,0;0;0;0;0;0;0;0;0;0;1;0;0;0;0;0;0;0;0;1;0;0;0;0
Q4045098,SEO26FF,계획품,classification_result.csv,C,0,0,0,감축,계획품 원칙0(비핵심설비→수리일정발주),gray,재고불요,,상시,,,,,0,0;0;0;0;0;0;0;0;0;0;0;0;0;0;0;0;0;0;0;0;0;0;0;0
Q4045501,SEO26FF,계획품,master.csv,B,0,0,0,감축,계획품 원칙0(비핵심설비→수리일정발주),gray,재고불요,,상시,,,,,1,0;1;0;0;0;0;0;0;0;0;0;0;0;0;0;0;0;0;0;0;0;0;0;0
Q4045748,SEO26FF,계획품,classification_result.csv,B,0,0,0,감축,계획품 원칙0(비핵심설비→수리일정발주),gray,재고불요,,상시,,,,,2,0;0;0;0;0;0;0;0;5;0;0;0;0;0;0;0;0;0;0;3;0;0;0;0
Q4047391,SEO26FF,계획품,classification_result.csv,B,0,0,0,감축,계획품 원칙0(비핵심설비→수리일정발주),gray,재고불요,,상시,,,,,3,0;0;0;1;0;0;1;0;0;0;0;1;0;0;0;0;0;0;0;0;0;0;0;0
Q4051167,SEO26FF,보험품,classification_result.csv,A,3,0,0,감축,"핵심보험[A] μ_LT+SS(Z2.05)=3,상한4,기준1→3",gray,충분,FM Hot Leveller,상시,,,,,3,0;4;0;0;0;0;0;0;0;0;0;0;0;0;0;0;0;0;0;0;0;2;2;0
Q4057578,SEO26FF,보험품,classification_result.csv,B,0,0,0,감축,비핵심보험[B] 소요無→0,gray,재고불요,,상시,,,,,0,0;0;0;0;0;0;0;0;0;0;0;0;0;0;0;0;0;0;0;0;0;0;0;0
Q4073338,SEO26FF,보험품,master.csv,B,2,0,0,유지,"비핵심보험[B] μ_LT+SS(Z1.65)=2,상한2→2",green,여유,,상시,,,,,1,0;0;2;0;0;0;0;0;0;0;0;0;0;0;0;0;0;0;0;0;0;0;0;0
Q4079757,SEO26FF,계획품,classification_result.csv,B,0,0,0,감축,계획품 원칙0(비핵심설비→수리일정발주),gray,재고불요,,상시,,,,,0,0;0;0;0;0;0;0;0;0;0;0;0;0;0;0;0;0;0;0;0;0;0;0;0
Q4080226,SEO26FF,계획품,master.csv,B,0,0,0,감축,계획품 원칙0(비핵심설비→수리일정발주),gray,재고불요,,상시,,,,,1,0;0;0;0;0;0;0;0;0;0;0;0;1;0;0;0;0;0;0;0;0;0;0;0
Q4080430,SEO26FF,계획품,classification_result.csv,S,0,0,0,감축,핵심설비 계획품이나 소요비활발(λ0.2)→0,gray,재고충분,FM Main Motor,대수리,2026-09-04,2026-05-05,-121,0,1,0;1;0;0;0;0;0;0;0;0;0;0;0;0;0;0;0;0;0;0;0;0;0;0
Q4084463,SEO26FF,보험품,classification_result.csv,B,3,0,0,감축,"비핵심보험[B] μ_LT+SS(Z1.65)=3,상한8→3",gray,충분,,상시,,,,,3,1;0;2;0;0;0;0;0;2;0;0;0;0;0;0;0;0;0;0;0;0;0;0;0
Q4085105,SEO26FF,계획품,classification_result.csv,B,0,0,0,감축,계획품 원칙0(비핵심설비→수리일정발주),gray,재고불요,,상시,,,,,0,0;0;0;0;0;0;0;0;0;0;0;0;0;0;0;0;0;0;0;0;0;0;0;0
Q4089851,SEO26FF,계획품,classification_result.csv,A,0,0,0,감축,핵심설비 계획품이나 3년무소요→0,gray,재고충분,FM Edge Heater,대수리,2026-09-04,2026-06-05,-90,0,0,0;0;0;0;0;0;0;0;0;0;0;0;0;0;0;0;0;0;0;0;0;0;0;0
Q4102245,SEO26FF,보험품,classification_result.csv,C,0,0,0,감축,비핵심보험[C] 소요無→0,gray,재고불요,,상시,,,,,0,0;0;0;0;0;0;0;0;0;0;0;0;0;0;0;0;0;0;0;0;0;0;0;0
Q4103142,SEO26FF,계획품,classification_result.csv,A,0,0,0,감축,핵심설비 계획품이나 3년무소요→0,gray,재고불요,,상시,,,,,0,0;0;0;0;0;0;0;0;0;0;0;0;0;0;0;0;0;0;0;0;0;0;0;0
Q4104776,SEO26FF,계획품,master.csv,C,0,0,0,감축,계획품 원칙0(비핵심설비→수리일정발주),gray,재고불요,,상시,,,,,1,1;0;0;0;0;0;0;0;0;0;0;0;0;0;0;0;0;0;0;0;0;0;0;0
Q4112995,SEO26FF,보험품,master.csv,A,4,0,0,유지,"핵심보험[A] μ_LT+SS(Z2.05)=4,상한4,기준1→4",green,여유,FM Hot Leveller,상시,,,,,1,0;0;0;0;0;0;0;0;0;0;0;0;0;0;0;0;0;0;4;0;0;0;0;0
Q4119198,SEO26FF,보험품,master.csv,B,1,0,0,유지,"비핵심보험[B] μ_LT+SS(Z1.65)=1,상한2→1",green,여유,FM Main Motor,상시,,,,,1,1;0;0;0;0;0;0;0;0;0;0;0;0;0;0;0;0;0;0;0;0;0;0;0
Q4124066,SEO26FF,보험품,master.csv,B,2,1,467112,발주,"비핵심보험[B] μ_LT+SS(Z1.65)=2,상한2→2",yellow,발주임박,,상시,,,,,0,0;0;0;0;0;0;0;0;0;0;0;0;0;0;0;0;0;0;0;0;0;0;0;0
Q4136434,SEO26FF,보험품,classification_result.csv,B,2,0,0,유지,"비핵심보험[B] μ_LT+SS(Z1.65)=2,상한2→2",green,여유,,상시,,,,,1,0;2;0;0;0;0;0;0;0;0;0;0;0;0;0;0;0;0;0;0;0;0;0;0
Q4140768,SEO26FF,계획품,classification_result.csv,C,0,0,0,감축,계획품 원칙0(비핵심설비→수리일정발주),gray,재고불요,,상시,,,,,0,0;0;0;0;0;0;0;0;0;0;0;0;0;0;0;0;0;0;0;0;0;0;0;0
Q4140770,SEO26FF,계획품,classification_result.csv,C,0,0,0,감축,계획품 원칙0(비핵심설비→수리일정발주),gray,재고불요,,상시,,,,,1,2;0;0;0;0;0;0;0;0;0;0;0;0;0;0;0;0;0;0;0;0;0;0;0
Q4156386,SEO26FF,보험품,classification_result.csv,C,4,0,0,감축,"비핵심보험[C] μ_LT+SS(Z1.28)=4,상한0→4",gray,충분,,상시,,,,,0,0;0;0;0;0;0;0;0;0;0;0;0;0;0;0;0;0;0;0;0;0;0;0;0
Q4168315,SEO26FF,계획품,master.csv,B,0,0,0,감축,계획품 원칙0(비핵심설비→수리일정발주),gray,재고불요,,상시,,,,,0,0;0;0;0;0;0;0;0;0;0;0;0;0;0;0;0;0;0;0;0;0;0;0;0
Q4168388,SEO26FF,보험품,classification_result.csv,B,6,0,0,감축,"비핵심보험[B] μ_LT+SS(Z1.65)=6,상한20→6",gray,충분,FM Main Motor,상시,,,,,3,0;20;0;0;0;0;0;0;0;0;0;0;0;10;0;0;0;0;0;0;1;0;0;0
Q4169627,SEO26FF,보험품,classification_result.csv,S,2,0,0,감축,핵심보험[S] 소요無→기준2,gray,충분,,상시,,,,,0,0;0;0;0;0;0;0;0;0;0;0;0;0;0;0;0;0;0;0;0;0;0;0;0
Q4169634,SEO26FF,계획품,classification_result.csv,S,0,0,0,유지,핵심설비 계획품이나 3년무소요→0,gray,재고불요,,상시,,,,,0,0;0;0;0;0;0;0;0;0;0;0;0;0;0;0;0;0;0;0;0;0;0;0;0
Q4169635,SEO26FF,계획품,classification_result.csv,S,0,0,0,감축,핵심설비 계획품이나 3년무소요→0,gray,재고불요,,상시,,,,,0,0;0;0;0;0;0;0;0;0;0;0;0;0;0;0;0;0;0;0;0;0;0;0;0
Q4169942,SEO26FF,보험품,classification_result.csv,B,2,1,5641350,발주,"비핵심보험[B] μ_LT+SS(Z1.65)=2,상한2→2",yellow,발주임박,,상시,,,,,0,0;0;0;0;0;0;0;0;0;0;0;0;0;0;0;0;0;0;0;0;0;0;0;0
Q4172575,SEO26FF,보험품,classification_result.csv,C,2,1,27940000,발주,"비핵심보험[C] μ_LT+SS(Z1.28)=2,상한4→2",yellow,발주임박,,상시,,,,,1,1;0;0;0;0;0;0;0;0;0;0;0;0;0;0;0;0;0;0;0;0;0;0;0
Q4173290,SEO26FF,보험품,classification_result.csv,S,3,1,15145171,발주,"핵심보험[S] μ_LT+SS(Z2.58)=3,상한4,기준1→3",yellow,발주임박,,상시,,,,,4,0;0;0;1;0;0;3;0;0;1;0;0;0;0;0;0;0;0;0;0;0;0;0;0
Q4174454,SEO26FF,계획품,classification_result.csv,S,0,0,0,감축,핵심설비 계획품이나 소요비활발(λ0.1)→0,gray,재고불요,,상시,,,,,1,0;0;1;0;0;0;0;0;0;0;0;0;0;0;0;0;0;0;0;0;0;0;0;0
Q4174455,SEO26FF,계획품,classification_result.csv,S,0,0,0,감축,핵심설비 계획품이나 3년무소요→0,gray,재고불요,,상시,,,,,0,0;0;0;0;0;0;0;0;0;0;0;0;0;0;0;0;0;0;0;0;0;0;0;0
Q4178355,SEO26FF,계획품,classification_result.csv,S,1,1,19450000,발주,핵심설비계획품 소요활발(λ1.3)→소량1,red,즉시발주,,상시,,,,,3,0;0;0;0;0;0;0;1;0;0;0;0;0;1;0;1;0;0;0;0;0;0;0;0
Q4182619,SEO26FF,보험품,master.csv,B,2,1,3704000,발주,"비핵심보험[B] μ_LT+SS(Z1.65)=2,상한3→2",yellow,발주임박,,상시,,,,,0,0;0;0;0;0;0;0;0;0;0;0;0;0;0;0;0;0;0;0;0;0;0;0;0
Q4185031,SEO26FF,보험품,master.csv,S,4,4,7840000,발주,"핵심보험[S] μ_LT+SS(Z2.58)=4,상한8,기준1→4",red,즉시발주,,상시,,,,,0,0;0;0;0;0;0;0;0;0;0;0;0;0;0;0;0;0;0;0;0;0;0;0;0
Q4188532,SEO26FF,계획품,classification_result.csv,C,0,0,0,감축,계획품 원칙0(비핵심설비→수리일정발주),gray,재고불요,,상시,,,,,1,4;0;0;0;0;0;0;0;0;0;0;0;0;0;0;0;0;0;0;0;0;0;0;0
Q4189150,SEO26FF,보험품,classification_result.csv,C,3,0,0,감축,"비핵심보험[C] μ_LT+SS(Z1.28)=3,상한4→3",gray,충분,,상시,,,,,0,0;0;0;0;0;0;0;0;0;0;0;0;0;0;0;0;0;0;0;0;0;0;0;0
Q4189151,SEO26FF,계획품,classification_result.csv,C,0,0,0,감축,계획품 원칙0(비핵심설비→수리일정발주),gray,재고불요,,상시,,,,,1,0;0;0;0;0;0;0;0;0;2;0;0;0;0;0;0;0;0;0;0;0;0;0;0
Q4192133,SEO26FF,계획품,classification_result.csv,S,0,0,0,감축,핵심설비 계획품이나 3년무소요→0,gray,재고불요,,상시,,,,,0,0;0;0;0;0;0;0;0;0;0;0;0;0;0;0;0;0;0;0;0;0;0;0;0
Q4192171,SEO26FF,보험품,classification_result.csv,S,1,0,0,감축,핵심보험[S] 소요無→기준1,gray,충분,,상시,,,,,0,0;0;0;0;0;0;0;0;0;0;0;0;0;0;0;0;0;0;0;0;0;0;0;0
Q4192179,SEO26FF,보험품,classification_result.csv,S,1,0,0,유지,핵심보험[S] 소요無→기준1,green,여유,,상시,,,,,0,0;0;0;0;0;0;0;0;0;0;0;0;0;0;0;0;0;0;0;0;0;0;0;0
Q4198917,SEO26FF,계획품,classification_result.csv,A,0,0,0,감축,핵심설비 계획품이나 소요비활발(λ0.3)→0,gray,재고충분,FM Main Motor,대수리,2026-09-04,2026-05-23,-103,0,2,0;1;0;0;0;0;0;0;0;0;0;0;0;0;0;0;0;0;0;0;1;0;0;0
Q4200634,SEO26FF,계획품,master.csv,A,0,0,0,감축,계획품 원칙0(비핵심설비→수리일정발주),gray,재고불요,,상시,,,,,2,2;1;0;0;0;0;0;0;0;0;0;0;0;0;0;0;0;0;0;0;0;0;0;0
Q4203928,SEO26FF,계획품,classification_result.csv,C,0,0,0,감축,계획품 원칙0(비핵심설비→수리일정발주),gray,재고충분,FM Main Motor,대수리,2026-09-04,2026-04-06,-150,0,0,0;0;0;0;0;0;0;0;0;0;0;0;0;0;0;0;0;0;0;0;0;0;0;0
Q4204059,SEO26FF,보험품,classification_result.csv,A,4,0,0,유지,"핵심보험[A] μ_LT+SS(Z2.05)=4,상한4,기준1→4",green,여유,FM Pinion Stand,상시,,,,,0,0;0;0;0;0;0;0;0;0;0;0;0;0;0;0;0;0;0;0;0;0;0;0;0
Q4204060,SEO26FF,계획품,classification_result.csv,A,0,0,0,감축,핵심설비 계획품이나 3년무소요→0,gray,재고충분,FM Pinion Stand,대수리,2026-09-04,2026-04-18,-138,0,0,0;0;0;0;0;0;0;0;0;0;0;0;0;0;0;0;0;0;0;0;0;0;0;0
Q4204061,SEO26FF,보험품,classification_result.csv,A,1,0,0,유지,"핵심보험[A] μ_LT+SS(Z2.05)=1,상한0,기준1→1",green,여유,FM Pinion Stand,상시,,,,,0,0;0;0;0;0;0;0;0;0;0;0;0;0;0;0;0;0;0;0;0;0;0;0;0
Q4204062,SEO26FF,보험품,master.csv,A,1,0,0,감축,"핵심보험[A] μ_LT+SS(Z2.05)=1,상한0,기준1→1",gray,충분,FM Pinion Stand,상시,,,,,0,0;0;0;0;0;0;0;0;0;0;0;0;0;0;0;0;0;0;0;0;0;0;0;0
Q4208633,SEO26FF,보험품,classification_result.csv,C,2,0,0,유지,"비핵심보험[C] μ_LT+SS(Z1.28)=2,상한2→2",green,여유,,상시,,,,,1,0;1;0;0;0;0;0;0;0;0;0;0;0;0;0;0;0;0;0;0;0;0;0;0
Q4210213,SEO26FF,계획품,classification_result.csv,S,0,0,0,유지,핵심설비 계획품이나 3년무소요→0,gray,재고불요,,상시,,,,,0,0;0;0;0;0;0;0;0;0;0;0;0;0;0;0;0;0;0;0;0;0;0;0;0
Q4210315,SEO26FF,보험품,classification_result.csv,B,2,1,3630000,발주,"비핵심보험[B] μ_LT+SS(Z1.65)=2,상한3→2",yellow,발주임박,,상시,,,,,1,0;0;0;0;0;0;0;0;0;0;0;0;0;0;0;0;0;0;0;1;0;0;0;0
Q4210501,SEO26FF,계획품,classification_result.csv,B,0,0,0,감축,계획품 원칙0(비핵심설비→수리일정발주),gray,재고불요,,상시,,,,,1,0;0;1;0;0;0;0;0;0;0;0;0;0;0;0;0;0;0;0;0;0;0;0;0
Q4210610,SEO26FF,보험품,classification_result.csv,C,2,0,0,유지,"비핵심보험[C] μ_LT+SS(Z1.28)=2,상한2→2",green,여유,,상시,,,,,0,0;0;0;0;0;0;0;0;0;0;0;0;0;0;0;0;0;0;0;0;0;0;0;0
Q4210612,SEO26FF,계획품,classification_result.csv,B,0,0,0,감축,계획품 원칙0(비핵심설비→수리일정발주),gray,재고불요,,상시,,,,,1,0;0;2;0;0;0;0;0;0;0;0;0;0;0;0;0;0;0;0;0;0;0;0;0
Q4225250,SEO26FF,계획품,classification_result.csv,C,0,0,0,감축,계획품 원칙0(비핵심설비→수리일정발주),gray,재고불요,,상시,,,,,0,0;0;0;0;0;0;0;0;0;0;0;0;0;0;0;0;0;0;0;0;0;0;0;0
Q4229869,SEO26FF,계획품,master.csv,B,0,0,0,감축,계획품 원칙0(비핵심설비→수리일정발주),gray,재고불요,,상시,,,,,1,0;0;0;0;0;0;0;0;0;0;0;0;0;0;0;0;0;0;0;0;2;0;0;0
Q4230326,SEO26FF,보험품,master.csv,S,1,0,0,감축,핵심보험[S] 소요無→기준1,gray,충분,,상시,,,,,0,0;0;0;0;0;0;0;0;0;0;0;0;0;0;0;0;0;0;0;0;0;0;0;0
Q4232430,SEO26FF,계획품,classification_result.csv,B,0,0,0,감축,계획품 원칙0(비핵심설비→수리일정발주),gray,재고불요,,상시,,,,,2,1;0;0;1;0;0;0;0;0;0;0;0;0;0;0;0;0;0;0;0;0;0;0;0
Q4232896,SEO26FF,계획품,master.csv,C,0,0,0,감축,계획품 원칙0(비핵심설비→수리일정발주),gray,재고불요,,상시,,,,,0,0;0;0;0;0;0;0;0;0;0;0;0;0;0;0;0;0;0;0;0;0;0;0;0
Q4232897,SEO26FF,계획품,classification_result.csv,C,0,0,0,감축,계획품 원칙0(비핵심설비→수리일정발주),gray,재고불요,,상시,,,,,0,0;0;0;0;0;0;0;0;0;0;0;0;0;0;0;0;0;0;0;0;0;0;0;0
Q4233153,SEO26FF,계획품,classification_result.csv,A,0,0,0,감축,핵심설비 계획품이나 3년무소요→0,gray,재고불요,,상시,,,,,0,0;0;0;0;0;0;0;0;0;0;0;0;0;0;0;0;0;0;0;0;0;0;0;0
Q4239083,SEO26FF,계획품,classification_result.csv,B,0,0,0,감축,계획품 원칙0(비핵심설비→수리일정발주),gray,재고불요,,상시,,,,,1,0;0;0;0;0;0;0;0;0;0;0;0;0;0;0;0;0;0;0;3;0;0;0;0
Q4245535,SEO26FF,보험품,master.csv,C,1,0,0,감축,"비핵심보험[C] μ_LT+SS(Z1.28)=1,상한2→1",gray,충분,FM Main Motor,상시,,,,,0,0;0;0;0;0;0;0;0;0;0;0;0;0;0;0;0;0;0;0;0;0;0;0;0
Q4245876,SEO26FF,보험품,master.csv,C,1,0,0,감축,"비핵심보험[C] μ_LT+SS(Z1.28)=1,상한2→1",gray,충분,,상시,,,,,0,0;0;0;0;0;0;0;0;0;0;0;0;0;0;0;0;0;0;0;0;0;0;0;0
Q4246475,SEO26FF,계획품,classification_result.csv,C,0,0,0,감축,핵심설비 계획품이나 3년무소요→0,gray,재고충분,Stand Main TR,대수리,2026-09-04,2026-02-16,-199,0,0,0;0;0;0;0;0;0;0;0;0;0;0;0;0;0;0;0;0;0;0;0;0;0;0
Q4251042,SEO26FF,계획품,classification_result.csv,C,0,0,0,감축,계획품 원칙0(비핵심설비→수리일정발주),gray,재고불요,,상시,,,,,0,0;0;0;0;0;0;0;0;0;0;0;0;0;0;0;0;0;0;0;0;0;0;0;0
Q4256411,SEO26FF,보험품,master.csv,B,5,1,154755,발주,"비핵심보험[B] μ_LT+SS(Z1.65)=5,상한10→5",yellow,발주임박,,상시,,,,,3,0;0;0;4;0;3;1;0;0;0;0;0;0;0;0;0;0;0;0;0;0;0;0;0
Q4257701,SEO26FF,계획품,classification_result.csv,S,0,0,0,감축,핵심설비 계획품이나 소요비활발(λ0.1)→0,gray,재고불요,,상시,,,,,1,0;0;0;0;0;0;0;0;0;0;0;0;0;0;0;0;0;0;0;0;1;0;0;0
Q4264097,SEO26FF,계획품,classification_result.csv,C,0,0,0,감축,계획품 원칙0(비핵심설비→수리일정발주),gray,재고불요,,상시,,,,,0,0;0;0;0;0;0;0;0;0;0;0;0;0;0;0;0;0;0;0;0;0;0;0;0
Q4269272,SEO26FF,보험품,classification_result.csv,S,1,0,0,감축,"핵심보험[S] μ_LT+SS(Z2.58)=1,상한0,기준1→1",gray,충분,,상시,,,,,0,0;0;0;0;0;0;0;0;0;0;0;0;0;0;0;0;0;0;0;0;0;0;0;0
Q4273074,SEO26FF,계획품,classification_result.csv,B,0,0,0,감축,계획품 원칙0(비핵심설비→수리일정발주),gray,재고불요,,상시,,,,,1,0;2;0;0;0;0;0;0;0;0;0;0;0;0;0;0;0;0;0;0;0;0;0;0
Q4278883,SEO26FF,계획품,classification_result.csv,B,0,0,0,감축,계획품 원칙0(비핵심설비→수리일정발주),gray,재고불요,,상시,,,,,3,0;0;0;0;0;0;0;0;2;0;0;0;2;0;0;0;0;0;0;1;0;0;0;0
Q4280135,SEO26FF,계획품,classification_result.csv,C,0,0,0,감축,계획품 원칙0(비핵심설비→수리일정발주),gray,재고불요,,상시,,,,,0,0;0;0;0;0;0;0;0;0;0;0;0;0;0;0;0;0;0;0;0;0;0;0;0
Q4283104,SEO26FF,보험품,classification_result.csv,B,2,1,895839,발주,"비핵심보험[B] μ_LT+SS(Z1.65)=2,상한4→2",yellow,발주임박,,상시,,,,,3,0;1;0;0;0;0;0;0;0;0;4;0;0;0;0;0;0;0;0;0;0;0;0;0
Q4295492,SEO26FF,계획품,classification_result.csv,B,0,0,0,감축,핵심설비 계획품이나 소요비활발(λ0.1)→0,gray,재고충분,EP 집진기 TR,대수리,2026-09-04,2026-05-25,-101,0,1,0;0;0;0;0;0;0;1;0;0;0;0;0;0;0;0;0;0;0;0;0;0;0;0
Q4308842,SEO26FF,계획품,classification_result.csv,C,0,0,0,감축,핵심설비 계획품이나 3년무소요→0,gray,재고불요,,상시,,,,,0,0;0;0;0;0;0;0;0;0;0;0;0;0;0;0;0;0;0;0;0;0;0;0;0
Q4310783,SEO26FF,보험품,classification_result.csv,S,2,0,0,유지,"핵심보험[S] μ_LT+SS(Z2.58)=2,상한0,기준1→2",green,여유,FM Crop Shear,상시,,,,,0,0;0;0;0;0;0;0;0;0;0;0;0;0;0;0;0;0;0;0;0;0;0;0;0
Q4312812,SEO26FF,보험품,master.csv,B,1,0,0,유지,"비핵심보험[B] μ_LT+SS(Z1.65)=1,상한1→1",green,여유,,상시,,,,,1,0;0;0;0;0;0;0;0;1;0;0;0;0;0;0;0;0;0;0;0;0;0;0;0
Q4321160,SEO26FF,보험품,classification_result.csv,B,1,0,0,유지,"비핵심보험[B] μ_LT+SS(Z1.65)=1,상한1→1",green,여유,FM Main Motor,상시,,,,,1,0;0;0;0;0;0;0;0;0;1;0;0;0;0;0;0;0;0;0;0;0;0;0;0
Q4327789,SEO26FF,보험품,classification_result.csv,B,2,1,2100000,발주,"비핵심보험[B] μ_LT+SS(Z1.65)=2,상한2→2",yellow,발주임박,,상시,,,,,1,1;0;0;0;0;0;0;0;0;0;0;0;0;0;0;0;0;0;0;0;0;0;0;0
Q4336678,SEO26FF,보험품,master.csv,B,1,0,0,유지,"비핵심보험[B] μ_LT+SS(Z1.65)=1,상한2→1",green,여유,,상시,,,,,1,0;1;0;0;0;0;0;0;0;0;0;0;0;0;0;0;0;0;0;0;0;0;0;0
Q4342710,SEO26FF,계획품,master.csv,B,0,0,0,감축,계획품 원칙0(비핵심설비→수리일정발주),gray,재고불요,,상시,,,,,0,0;0;0;0;0;0;0;0;0;0;0;0;0;0;0;0;0;0;0;0;0;0;0;0
Q4347498,SEO26FF,계획품,classification_result.csv,A,0,0,0,감축,핵심설비 계획품이나 3년무소요→0,gray,재고충분,FM Spindle 감속기,대수리,2026-09-04,2026-05-16,-110,0,0,0;0;0;0;0;0;0;0;0;0;0;0;0;0;0;0;0;0;0;0;0;0;0;0
Q4348128,SEO26FF,보험품,classification_result.csv,B,0,0,0,감축,비핵심보험[B] 소요無→0,gray,재고불요,,상시,,,,,0,0;0;0;0;0;0;0;0;0;0;0;0;0;0;0;0;0;0;0;0;0;0;0;0
Q4349846,SEO26FF,계획품,classification_result.csv,C,0,0,0,감축,계획품 원칙0(비핵심설비→수리일정발주),gray,재고불요,,상시,,,,,0,0;0;0;0;0;0;0;0;0;0;0;0;0;0;0;0;0;0;0;0;0;0;0;0
Q4354776,SEO26FF,계획품,classification_result.csv,C,0,0,0,감축,계획품 원칙0(비핵심설비→수리일정발주),gray,재고불요,,상시,,,,,0,0;0;0;0;0;0;0;0;0;0;0;0;0;0;0;0;0;0;0;0;0;0;0;0
Q4357975,SEO26FF,보험품,master.csv,B,3,2,7604980,발주,"비핵심보험[B] μ_LT+SS(Z1.65)=3,상한10→3",red,즉시발주,,상시,,,,,3,1;0;0;0;0;0;0;0;0;0;0;0;2;0;0;0;0;0;0;0;0;0;0;0
Q4383840,SEO26FF,보험품,classification_result.csv,B,2,1,1870000,발주,"비핵심보험[B] μ_LT+SS(Z1.65)=2,상한2→2",yellow,발주임박,,상시,,,,,5,0;2;0;0;0;0;0;0;0;1;0;0;0;0;0;1;1;0;0;0;0;0;0;0
Q4383841,SEO26FF,계획품,classification_result.csv,B,0,0,0,감축,계획품 원칙0(비핵심설비→수리일정발주),gray,재고불요,,상시,,,,,3,0;1;0;0;0;0;0;1;0;0;0;0;0;0;0;0;1;0;0;0;0;0;0;0
Q4384099,SEO26FF,계획품,classification_result.csv,C,0,0,0,감축,계획품 원칙0(비핵심설비→수리일정발주),gray,재고불요,,상시,,,,,0,0;0;0;0;0;0;0;0;0;0;0;0;0;0;0;0;0;0;0;0;0;0;0;0
Q4386124,SEO26FF,보험품,classification_result.csv,S,3,1,8923590,발주,"핵심보험[S] μ_LT+SS(Z2.58)=3,상한4,기준1→3",yellow,발주임박,QOC Servo,상시,,,,,1,2;0;0;0;0;0;0;0;0;0;0;0;0;0;0;0;0;0;0;0;0;0;0;0
Q4390457,SEO26FF,계획품,classification_result.csv,B,0,0,0,감축,계획품 원칙0(비핵심설비→수리일정발주),gray,재고불요,,상시,,,,,0,0;0;0;0;0;0;0;0;0;0;0;0;0;0;0;0;0;0;0;0;0;0;0;0
Q4390712,SEO26FF,계획품,classification_result.csv,B,0,0,0,감축,계획품 원칙0(비핵심설비→수리일정발주),gray,재고불요,,상시,,,,,0,0;0;0;0;0;0;0;0;0;0;0;0;0;0;0;0;0;0;0;0;0;0;0;0
Q4394089,SEO26FF,계획품,classification_result.csv,B,0,0,0,감축,계획품 원칙0(비핵심설비→수리일정발주),gray,재고불요,,상시,,,,,1,0;0;0;0;0;0;0;0;0;1;0;0;0;0;0;0;0;0;0;0;0;0;0;0
Q4398385,SEO26FF,보험품,classification_result.csv,B,1,0,0,유지,"비핵심보험[B] μ_LT+SS(Z1.65)=1,상한1→1",green,여유,,상시,,,,,0,0;0;0;0;0;0;0;0;0;0;0;0;0;0;0;0;0;0;0;0;0;0;0;0
Q4403031,SEO26FF,계획품,classification_result.csv,C,0,0,0,감축,계획품 원칙0(비핵심설비→수리일정발주),gray,재고불요,,상시,,,,,2,0;0;0;0;1;0;0;0;0;0;0;0;0;0;0;0;0;0;2;0;0;0;0;0
Q4410007,SEO26FF,보험품,master.csv,C,3,0,0,감축,"비핵심보험[C] μ_LT+SS(Z1.28)=3,상한6→3",gray,충분,,상시,,,,,2,0;0;0;0;0;0;0;2;1;0;0;0;0;0;0;0;0;0;0;0;0;0;0;0
Q4412119,SEO26FF,보험품,master.csv,A,1,0,0,감축,"핵심보험[A] μ_LT+SS(Z2.05)=1,상한0,기준1→1",gray,충분,FM Roll Alignment,상시,,,,,0,0;0;0;0;0;0;0;0;0;0;0;0;0;0;0;0;0;0;0;0;0;0;0;0
Q4412288,SEO26FF,계획품,classification_result.csv,A,0,0,0,감축,핵심설비 계획품이나 3년무소요→0,gray,재고충분,FM Spindle 감속기,대수리,2026-09-04,2026-04-03,-153,0,0,0;0;0;0;0;0;0;0;0;0;0;0;0;0;0;0;0;0;0;0;0;0;0;0
Q4412576,SEO26FF,계획품,classification_result.csv,C,0,0,0,감축,계획품 원칙0(비핵심설비→수리일정발주),gray,재고불요,,상시,,,,,0,0;0;0;0;0;0;0;0;0;0;0;0;0;0;0;0;0;0;0;0;0;0;0;0
Q4416013,SEO26FF,보험품,classification_result.csv,A,1,0,0,유지,핵심보험[A] 소요無→기준1,green,여유,FM Spindle 감속기,상시,,,,,0,0;0;0;0;0;0;0;0;0;0;0;0;0;0;0;0;0;0;0;0;0;0;0;0
Q4416076,SEO26FF,계획품,classification_result.csv,B,0,0,0,감축,계획품 원칙0(비핵심설비→수리일정발주),gray,재고불요,,상시,,,,,3,1;0;0;0;0;0;0;0;0;0;0;0;0;1;0;0;0;0;0;0;2;0;0;0
Q4416082,SEO26FF,계획품,classification_result.csv,B,0,0,0,감축,계획품 원칙0(비핵심설비→수리일정발주),gray,재고불요,,상시,,,,,0,0;0;0;0;0;0;0;0;0;0;0;0;0;0;0;0;0;0;0;0;0;0;0;0
Q4418347,SEO26FF,계획품,classification_result.csv,B,0,0,0,감축,계획품 원칙0(비핵심설비→수리일정발주),gray,재고불요,,상시,,,,,1,0;0;1;0;0;0;0;0;0;0;0;0;0;0;0;0;0;0;0;0;0;0;0;0
Q4419677,SEO26FF,계획품,master.csv,A,0,0,0,감축,핵심설비 계획품이나 3년무소요→0,gray,재고충분,FM Roll Alignment,대수리,2026-09-04,2026-05-01,-125,0,0,0;0;0;0;0;0;0;0;0;0;0;0;0;0;0;0;0;0;0;0;0;0;0;0
Q4419678,SEO26FF,계획품,classification_result.csv,C,0,0,0,감축,계획품 원칙0(비핵심설비→수리일정발주),gray,재고불요,,상시,,,,,2,0;0;0;0;0;0;0;0;0;0;0;0;0;8;0;0;0;0;0;1;0;0;0;0
Q4423761,SEO26FF,보험품,classification_result.csv,B,0,0,0,감축,비핵심보험[B] 소요無→0,gray,재고불요,,상시,,,,,0,0;0;0;0;0;0;0;0;0;0;0;0;0;0;0;0;0;0;0;0;0;0;0;0
Q4435466,SEO26FF,보험품,master.csv,C,4,0,0,유지,"비핵심보험[C] μ_LT+SS(Z1.28)=4,상한8→4",green,여유,FM Main Motor,상시,,,,,0,0;0;0;0;0;0;0;0;0;0;0;0;0;0;0;0;0;0;0;0;0;0;0;0
Q4439263,SEO26FF,보험품,classification_result.csv,C,1,0,0,유지,"핵심보험[C] μ_LT+SS(Z1.28)=1,상한2,기준1→1",green,여유,QOC Servo,상시,,,,,0,0;0;0;0;0;0;0;0;0;0;0;0;0;0;0;0;0;0;0;0;0;0;0;0
Q4439264,SEO26FF,보험품,classification_result.csv,C,1,0,0,유지,"핵심보험[C] μ_LT+SS(Z1.28)=1,상한2,기준1→1",green,여유,QOC Servo,상시,,,,,1,0;0;0;1;0;0;0;0;0;0;0;0;0;0;0;0;0;0;0;0;0;0;0;0
Q4439265,SEO26FF,보험품,classification_result.csv,A,2,1,11900000,발주,"핵심보험[A] μ_LT+SS(Z2.05)=2,상한2,기준1→2",yellow,발주임박,QOC Servo,상시,,,,,0,0;0;0;0;0;0;0;0;0;0;0;0;0;0;0;0;0;0;0;0;0;0;0;0
Q4439266,SEO26FF,계획품,classification_result.csv,S,0,0,0,감축,핵심설비 계획품이나 소요비활발(λ0.4)→0,gray,재고충분,QOC Servo,대수리,2026-09-04,2025-10-06,-332,0,0,0;0;0;0;0;0;0;0;0;0;0;0;0;0;0;0;0;0;0;0;0;0;0;0
Q4439269,SEO26FF,보험품,master.csv,C,1,0,0,유지,"비핵심보험[C] μ_LT+SS(Z1.28)=1,상한2→1",green,여유,,상시,,,,,0,0;0;0;0;0;0;0;0;0;0;0;0;0;0;0;0;0;0;0;0;0;0;0;0
Q4439270,SEO26FF,보험품,classification_result.csv,B,1,0,0,유지,"비핵심보험[B] μ_LT+SS(Z1.65)=1,상한1→1",green,여유,,상시,,,,,0,0;0;0;0;0;0;0;0;0;0;0;0;0;0;0;0;0;0;0;0;0;0;0;0
Q4441695,SEO26FF,보험품,master.csv,S,1,0,0,유지,"핵심보험[S] μ_LT+SS(Z2.58)=1,상한0,기준1→1",green,여유,,상시,,,,,0,0;0;0;0;0;0;0;0;0;0;0;0;0;0;0;0;0;0;0;0;0;0;0;0
Q4443501,SEO26FF,보험품,master.csv,C,6,0,0,유지,"비핵심보험[C] μ_LT+SS(Z1.28)=6,상한0→6",green,여유,,상시,,,,,1,0;0;0;0;0;0;0;6;0;0;0;0;0;0;0;0;0;0;0;0;0;0;0;0
Q4444346,SEO26FF,계획품,master.csv,C,0,0,0,감축,계획품 원칙0(비핵심설비→수리일정발주),gray,재고불요,,상시,,,,,0,0;0;0;0;0;0;0;0;0;0;0;0;0;0;0;0;0;0;0;0;0;0;0;0
Q4450272,SEO26FF,보험품,classification_result.csv,C,1,0,0,유지,"비핵심보험[C] μ_LT+SS(Z1.28)=1,상한1→1",green,여유,,상시,,,,,0,0;0;0;0;0;0;0;0;0;0;0;0;0;0;0;0;0;0;0;0;0;0;0;0
Q4453988,SEO26FF,보험품,master.csv,B,1,0,0,유지,"비핵심보험[B] μ_LT+SS(Z1.65)=1,상한1→1",green,여유,,상시,,,,,0,0;0;0;0;0;0;0;0;0;0;0;0;0;0;0;0;0;0;0;0;0;0;0;0
Q4459402,SEO26FF,계획품,classification_result.csv,B,0,0,0,감축,계획품 원칙0(비핵심설비→수리일정발주),gray,재고불요,,상시,,,,,0,0;0;0;0;0;0;0;0;0;0;0;0;0;0;0;0;0;0;0;0;0;0;0;0
Q4460076,SEO26FF,보험품,classification_result.csv,A,1,0,0,유지,"핵심보험[A] μ_LT+SS(Z2.05)=1,상한1,기준1→1",green,여유,FM Edge Heater,상시,,,,,0,0;0;0;0;0;0;0;0;0;0;0;0;0;0;0;0;0;0;0;0;0;0;0;0
Q4465267,SEO26FF,계획품,classification_result.csv,B,0,0,0,감축,계획품 원칙0(비핵심설비→수리일정발주),gray,재고불요,,상시,,,,,5,1;0;0;0;1;0;0;0;1;0;0;0;0;0;1;0;0;0;0;0;0;1;0;0
Q4468493,SEO26FF,계획품,master.csv,A,0,0,0,감축,핵심설비 계획품이나 3년무소요→0,gray,재고충분,FM Main Motor,대수리,2026-09-04,2026-05-24,-102,0,0,0;0;0;0;0;0;0;0;0;0;0;0;0;0;0;0;0;0;0;0;0;0;0;0
Q4468503,SEO26FF,보험품,classification_result.csv,B,1,0,0,유지,"비핵심보험[B] μ_LT+SS(Z1.65)=1,상한1→1",green,여유,FM Main Motor,상시,,,,,1,1;0;0;0;0;0;0;0;0;0;0;0;0;0;0;0;0;0;0;0;0;0;0;0
Q4468504,SEO26FF,계획품,classification_result.csv,B,0,0,0,감축,계획품 원칙0(비핵심설비→수리일정발주),gray,재고충분,FM Main Motor,대수리,2026-09-04,2026-05-24,-102,0,1,0;1;0;0;0;0;0;0;0;0;0;0;0;0;0;0;0;0;0;0;0;0;0;0
Q4470227,SEO26FF,계획품,classification_result.csv,A,0,0,0,감축,핵심설비 계획품이나 3년무소요→0,gray,재고충분,FM Main Motor,대수리,2026-09-04,2026-05-27,-99,0,0,0;0;0;0;0;0;0;0;0;0;0;0;0;0;0;0;0;0;0;0;0;0;0;0
Q4471030,SEO26FF,보험품,classification_result.csv,B,1,0,0,유지,"비핵심보험[B] μ_LT+SS(Z1.65)=1,상한1→1",green,여유,,상시,,,,,0,0;0;0;0;0;0;0;0;0;0;0;0;0;0;0;0;0;0;0;0;0;0;0;0
Q4471765,SEO26FF,보험품,classification_result.csv,B,1,0,0,유지,"비핵심보험[B] μ_LT+SS(Z1.65)=1,상한1→1",green,여유,,상시,,,,,0,0;0;0;0;0;0;0;0;0;0;0;0;0;0;0;0;0;0;0;0;0;0;0;0
Q4474243,SEO26FF,보험품,classification_result.csv,C,0,0,0,감축,비핵심보험[C] 소요無→0,gray,재고불요,FM Main Motor,상시,,,,,0,0;0;0;0;0;0;0;0;0;0;0;0;0;0;0;0;0;0;0;0;0;0;0;0
Q4480769,SEO26FF,계획품,classification_result.csv,B,0,0,0,감축,계획품 원칙0(비핵심설비→수리일정발주),gray,재고불요,,상시,,,,,1,0;0;0;0;0;0;0;0;0;0;0;0;2;0;0;0;0;0;0;0;0;0;0;0
Q4485045,SEO26FF,보험품,classification_result.csv,B,1,0,0,유지,"비핵심보험[B] μ_LT+SS(Z1.65)=1,상한1→1",green,여유,,상시,,,,,1,1;0;0;0;0;0;0;0;0;0;0;0;0;0;0;0;0;0;0;0;0;0;0;0
Q4485080,SEO26FF,보험품,master.csv,B,1,0,0,유지,"비핵심보험[B] μ_LT+SS(Z1.65)=1,상한2→1",green,여유,,상시,,,,,2,0;2;0;0;0;0;0;0;0;0;0;0;0;0;0;0;0;0;0;0;0;0;0;0
Q4485081,SEO26FF,보험품,master.csv,B,1,0,0,유지,"비핵심보험[B] μ_LT+SS(Z1.65)=1,상한2→1",green,여유,,상시,,,,,2,0;2;0;0;0;0;0;0;0;0;0;0;0;0;0;0;0;0;0;0;0;0;0;0
Q4485087,SEO26FF,계획품,classification_result.csv,B,0,0,0,감축,계획품 원칙0(비핵심설비→수리일정발주),gray,재고불요,,상시,,,,,1,1;0;0;0;0;0;0;0;0;0;0;0;0;0;0;0;0;0;0;0;0;0;0;0
Q4493662,SEO26FF,보험품,master.csv,B,2,0,0,유지,"비핵심보험[B] μ_LT+SS(Z1.65)=2,상한2→2",green,여유,,상시,,,,,0,0;0;0;0;0;0;0;0;0;0;0;0;0;0;0;0;0;0;0;0;0;0;0;0
Q4497103,SEO26FF,계획품,classification_result.csv,B,0,0,0,감축,계획품 원칙0(비핵심설비→수리일정발주),gray,재고불요,,상시,,,,,1,0;0;0;0;0;0;0;0;0;0;0;0;0;0;0;0;0;0;0;0;0;0;1;0
Q4499010,SEO26FF,보험품,classification_result.csv,C,1,0,0,감축,"비핵심보험[C] μ_LT+SS(Z1.28)=1,상한2→1",gray,충분,,상시,,,,,3,1;0;0;0;0;0;0;0;0;0;0;0;0;0;0;0;0;0;1;0;0;1;0;0
Q4501966,SEO26FF,보험품,classification_result.csv,A,1,0,0,감축,핵심보험[A] 소요無→기준1,gray,충분,FM Hot Leveller,상시,,,,,0,0;0;0;0;0;0;0;0;0;0;0;0;0;0;0;0;0;0;0;0;0;0;0;0
Q4503767,SEO26FF,보험품,master.csv,A,8,0,0,감축,"핵심보험[A] μ_LT+SS(Z2.05)=8,상한15,기준1→8",gray,충분,FM Hot Leveller,상시,,,,,1,15;0;0;0;0;0;0;0;0;0;0;0;0;0;0;0;0;0;0;0;0;0;0;0
Q4503770,SEO26FF,계획품,classification_result.csv,A,0,0,0,감축,핵심설비 계획품이나 3년무소요→0,gray,재고불요,,상시,,,,,0,0;0;0;0;0;0;0;0;0;0;0;0;0;0;0;0;0;0;0;0;0;0;0;0
Q4504475,SEO26FF,보험품,master.csv,A,1,0,0,유지,"핵심보험[A] μ_LT+SS(Z2.05)=1,상한1,기준1→1",green,여유,FM Hot Leveller,상시,,,,,1,1;0;0;0;0;0;0;0;0;0;0;0;0;0;0;0;0;0;0;0;0;0;0;0
Q4504476,SEO26FF,계획품,classification_result.csv,A,0,0,0,감축,핵심설비 계획품이나 소요비활발(λ0.2)→0,gray,재고충분,FM Roll Alignment,대수리,2026-09-04,2026-05-04,-122,0,0,0;0;0;0;0;0;0;0;0;0;0;0;0;0;0;0;0;0;0;0;0;0;0;0
Q4504478,SEO26FF,보험품,classification_result.csv,A,2,0,0,유지,"핵심보험[A] μ_LT+SS(Z2.05)=2,상한2,기준1→2",green,여유,FM Roll Alignment,상시,,,,,0,0;0;0;0;0;0;0;0;0;0;0;0;0;0;0;0;0;0;0;0;0;0;0;0
Q4515205,SEO26FF,보험품,classification_result.csv,A,36,16,240976,발주,"핵심보험[A] μ_LT+SS(Z2.05)=36,상한36,기준1→36",yellow,발주임박,FM Roll Alignment,상시,,,,,0,0;0;0;0;0;0;0;0;0;0;0;0;0;0;0;0;0;0;0;0;0;0;0;0
Q4515206,SEO26FF,계획품,classification_result.csv,A,0,0,0,감축,핵심설비 계획품이나 3년무소요→0,gray,재고충분,FM Roll Alignment,대수리,2026-09-04,2026-06-10,-85,0,0,0;0;0;0;0;0;0;0;0;0;0;0;0;0;0;0;0;0;0;0;0;0;0;0
Q4515573,SEO26FF,계획품,classification_result.csv,C,0,0,0,감축,계획품 원칙0(비핵심설비→수리일정발주),gray,재고불요,,상시,,,,,0,0;0;0;0;0;0;0;0;0;0;0;0;0;0;0;0;0;0;0;0;0;0;0;0
Q4517465,SEO26FF,계획품,classification_result.csv,B,0,0,0,감축,계획품 원칙0(비핵심설비→수리일정발주),gray,재고불요,,상시,,,,,0,0;0;0;0;0;0;0;0;0;0;0;0;0;0;0;0;0;0;0;0;0;0;0;0
Q4517801,SEO26FF,보험품,master.csv,B,6,0,0,유지,"비핵심보험[B] μ_LT+SS(Z1.65)=6,상한6→6",green,여유,,상시,,,,,0,0;0;0;0;0;0;0;0;0;0;0;0;0;0;0;0;0;0;0;0;0;0;0;0
Q4521625,SEO26FF,보험품,classification_result.csv,S,1,1,1040000000,발주,핵심보험[S] 소요無→기준1,red,즉시발주,,상시,,,,,0,0;0;0;0;0;0;0;0;0;0;0;0;0;0;0;0;0;0;0;0;0;0;0;0
Q4524604,SEO26FF,보험품,classification_result.csv,B,1,0,0,유지,"비핵심보험[B] μ_LT+SS(Z1.65)=1,상한1→1",green,여유,,상시,,,,,1,0;0;0;1;0;0;0;0;0;0;0;0;0;0;0;0;0;0;0;0;0;0;0;0
Q4524949,SEO26FF,보험품,master.csv,B,2,0,0,유지,"비핵심보험[B] μ_LT+SS(Z1.65)=2,상한2→2",green,여유,,상시,,,,,1,0;1;0;0;0;0;0;0;0;0;0;0;0;0;0;0;0;0;0;0;0;0;0;0
Q4530897,SEO26FF,계획품,classification_result.csv,B,0,0,0,감축,계획품 원칙0(비핵심설비→수리일정발주),gray,재고불요,,상시,,,,,0,0;0;0;0;0;0;0;0;0;0;0;0;0;0;0;0;0;0;0;0;0;0;0;0
Q4531078,SEO26FF,보험품,classification_result.csv,B,2,0,0,감축,"비핵심보험[B] μ_LT+SS(Z1.65)=2,상한3→2",gray,충분,FM Main Motor,상시,,,,,3,0;0;0;0;0;1;0;1;0;0;0;3;0;0;0;0;0;0;0;0;0;0;0;0
Q4532058,SEO26FF,보험품,master.csv,B,1,0,0,유지,"비핵심보험[B] μ_LT+SS(Z1.65)=2,상한1→1",green,여유,Stand Main TR,상시,,,,,0,0;0;0;0;0;0;0;0;0;0;0;0;0;0;0;0;0;0;0;0;0;0;0;0
Q4535892,SEO26FF,계획품,classification_result.csv,S,0,0,0,감축,핵심설비 계획품이나 소요비활발(λ0.8)→0,gray,재고충분,FM Roll Alignment,대수리,2026-09-04,2026-02-14,-201,0,3,1;0;0;1;0;0;0;0;0;0;0;0;0;0;0;0;1;0;0;0;0;0;0;0
Q4535894,SEO26FF,계획품,classification_result.csv,S,0,0,0,감축,핵심설비 계획품이나 소요비활발(λ0.8)→0,gray,재고충분,FM Roll Alignment,대수리,2026-09-04,2026-02-14,-201,0,2,0;0;0;1;0;0;0;0;0;0;0;0;0;0;0;0;1;0;0;0;0;0;0;0
Q4535900,SEO26FF,계획품,classification_result.csv,S,0,0,0,감축,핵심설비 계획품이나 소요비활발(λ0.3)→0,gray,재고충분,FM Roll Alignment,대수리,2026-09-04,2026-02-28,-187,0,0,0;0;0;0;0;0;0;0;0;0;0;0;0;0;0;0;0;0;0;0;0;0;0;0
Q4535902,SEO26FF,계획품,classification_result.csv,S,0,0,0,감축,핵심설비 계획품이나 3년무소요→0,gray,재고충분,FM Roll Alignment,대수리,2026-09-04,2026-02-04,-211,0,0,0;0;0;0;0;0;0;0;0;0;0;0;0;0;0;0;0;0;0;0;0;0;0;0
Q4536719,SEO26FF,보험품,classification_result.csv,B,4,0,0,유지,"비핵심보험[B] μ_LT+SS(Z1.65)=4,상한0→4",green,여유,,상시,,,,,1,4;0;0;0;0;0;0;0;0;0;0;0;0;0;0;0;0;0;0;0;0;0;0;0
Q4537595,SEO26FF,계획품,classification_result.csv,C,0,0,0,감축,계획품 원칙0(비핵심설비→수리일정발주),gray,재고불요,,상시,,,,,6,0;2;0;0;0;0;0;0;0;1;0;0;0;0;0;0;0;2;1;0;0;0;2;0
Q4541491,SEO26FF,계획품,classification_result.csv,B,0,0,0,감축,계획품 원칙0(비핵심설비→수리일정발주),gray,재고불요,,상시,,,,,3,0;0;0;0;0;0;2;1;0;0;0;0;0;0;0;3;0;0;0;0;0;0;0;0
Q4541492,SEO26FF,보험품,classification_result.csv,B,8,6,5250000,발주,"비핵심보험[B] μ_LT+SS(Z1.65)=8,상한32→8",red,즉시발주,,상시,,,,,3,0;0;0;0;0;0;2;1;0;0;0;0;0;0;0;3;0;0;0;0;0;0;0;0
Q4543363,SEO26FF,보험품,classification_result.csv,B,0,0,0,감축,비핵심보험[B] 소요無→0,gray,재고불요,,상시,,,,,0,0;0;0;0;0;0;0;0;0;0;0;0;0;0;0;0;0;0;0;0;0;0;0;0
Q4546235,SEO26FF,계획품,classification_result.csv,C,0,0,0,감축,계획품 원칙0(비핵심설비→수리일정발주),gray,재고불요,,상시,,,,,1,0;0;0;0;0;0;0;0;0;0;0;0;0;0;1;0;0;0;0;0;0;0;0;0
Q4548256,SEO26FF,계획품,master.csv,B,0,0,0,감축,계획품 원칙0(비핵심설비→수리일정발주),gray,재고불요,,상시,,,,,1,0;0;0;0;0;0;0;0;0;0;0;0;0;0;0;0;0;0;0;1;0;0;0;0
Q4548258,SEO26FF,계획품,master.csv,B,0,0,0,감축,계획품 원칙0(비핵심설비→수리일정발주),gray,재고불요,,상시,,,,,1,0;0;0;0;0;0;0;0;0;0;0;0;0;0;0;0;0;0;0;1;0;0;0;0
Q4548259,SEO26FF,보험품,classification_result.csv,B,1,0,0,유지,"비핵심보험[B] μ_LT+SS(Z1.65)=1,상한1→1",green,여유,,상시,,,,,1,0;0;0;0;0;0;0;0;0;0;0;0;0;0;0;0;0;0;0;1;0;0;0;0
Q4548260,SEO26FF,보험품,classification_result.csv,B,1,0,0,유지,"비핵심보험[B] μ_LT+SS(Z1.65)=1,상한1→1",green,여유,,상시,,,,,1,0;0;0;0;0;0;0;0;0;0;0;0;0;0;0;0;0;0;0;1;0;0;0;0
Q4551506,SEO26FF,계획품,classification_result.csv,B,0,0,0,감축,계획품 원칙0(비핵심설비→수리일정발주),gray,재고불요,,상시,,,,,0,0;0;0;0;0;0;0;0;0;0;0;0;0;0;0;0;0;0;0;0;0;0;0;0
Q4551507,SEO26FF,보험품,master.csv,B,1,0,0,유지,"비핵심보험[B] μ_LT+SS(Z1.65)=1,상한0→1",green,여유,,상시,,,,,0,0;0;0;0;0;0;0;0;0;0;0;0;0;0;0;0;0;0;0;0;0;0;0;0
Q4559574,SEO26FF,보험품,classification_result.csv,B,6,0,0,유지,"비핵심보험[B] μ_LT+SS(Z1.65)=6,상한0→6",green,여유,,상시,,,,,0,0;0;0;0;0;0;0;0;0;0;0;0;0;0;0;0;0;0;0;0;0;0;0;0
Q4559575,SEO26FF,보험품,classification_result.csv,B,3,0,0,유지,"비핵심보험[B] μ_LT+SS(Z1.65)=3,상한0→3",green,여유,,상시,,,,,0,0;0;0;0;0;0;0;0;0;0;0;0;0;0;0;0;0;0;0;0;0;0;0;0
Q4559600,SEO26FF,보험품,master.csv,B,2,0,0,감축,"비핵심보험[B] μ_LT+SS(Z1.65)=2,상한2→2",gray,충분,,상시,,,,,5,0;1;0;0;2;0;0;0;0;0;1;0;0;0;0;2;0;0;0;0;0;0;0;0
Q4559686,SEO26FF,보험품,master.csv,B,3,0,0,유지,"비핵심보험[B] μ_LT+SS(Z1.65)=3,상한3→3",green,여유,,상시,,,,,0,0;0;0;0;0;0;0;0;0;0;0;0;0;0;0;0;0;0;0;0;0;0;0;0
Q4562126,SEO26FF,보험품,classification_result.csv,C,1,0,0,유지,"비핵심보험[C] μ_LT+SS(Z1.28)=2,상한1→1",green,여유,,상시,,,,,2,0;2;0;0;0;0;0;0;0;0;0;0;0;0;0;0;0;0;1;0;0;0;0;0
Q4562194,SEO26FF,보험품,classification_result.csv,B,1,0,0,유지,"비핵심보험[B] μ_LT+SS(Z1.65)=1,상한1→1",green,여유,,상시,,,,,0,0;0;0;0;0;0;0;0;0;0;0;0;0;0;0;0;0;0;0;0;0;0;0;0
Q4572470,SEO26FF,보험품,classification_result.csv,C,1,0,0,유지,"비핵심보험[C] μ_LT+SS(Z1.28)=1,상한0→1",green,여유,,상시,,,,,0,0;0;0;0;0;0;0;0;0;0;0;0;0;0;0;0;0;0;0;0;0;0;0;0
Q4572473,SEO26FF,보험품,classification_result.csv,B,1,0,0,유지,"비핵심보험[B] μ_LT+SS(Z1.65)=1,상한1→1",green,여유,,상시,,,,,1,1;0;0;0;0;0;0;0;0;0;0;0;0;0;0;0;0;0;0;0;0;0;0;0
Q4573456,SEO26FF,보험품,classification_result.csv,B,0,0,0,감축,비핵심보험[B] 소요無→0,gray,재고불요,,상시,,,,,0,0;0;0;0;0;0;0;0;0;0;0;0;0;0;0;0;0;0;0;0;0;0;0;0
Q4575867,SEO26FF,보험품,classification_result.csv,B,1,0,0,유지,"비핵심보험[B] μ_LT+SS(Z1.65)=1,상한0→1",green,여유,,상시,,,,,0,0;0;0;0;0;0;0;0;0;0;0;0;0;0;0;0;0;0;0;0;0;0;0;0
Q4576432,SEO26FF,보험품,classification_result.csv,C,2,0,0,감축,"비핵심보험[C] μ_LT+SS(Z1.28)=2,상한2→2",gray,충분,,상시,,,,,0,0;0;0;0;0;0;0;0;0;0;0;0;0;0;0;0;0;0;0;0;0;0;0;0
Q4576623,SEO26FF,계획품,classification_result.csv,C,0,0,0,감축,계획품 원칙0(비핵심설비→수리일정발주),gray,재고불요,,상시,,,,,0,0;0;0;0;0;0;0;0;0;0;0;0;0;0;0;0;0;0;0;0;0;0;0;0
Q4576624,SEO26FF,보험품,master.csv,C,1,0,0,유지,"비핵심보험[C] μ_LT+SS(Z1.28)=1,상한0→1",green,여유,,상시,,,,,0,0;0;0;0;0;0;0;0;0;0;0;0;0;0;0;0;0;0;0;0;0;0;0;0
Q4582819,SEO26FF,보험품,classification_result.csv,C,1,0,0,유지,"비핵심보험[C] μ_LT+SS(Z1.28)=1,상한1→1",green,여유,,상시,,,,,3,1;1;0;0;0;0;0;0;0;0;0;1;0;0;0;0;0;0;0;0;0;0;0;0
Q4585577,SEO26FF,보험품,classification_result.csv,C,1,0,0,감축,핵심보험[C] 소요無→기준1,gray,충분,RM Stand Adjust,상시,,,,,0,0;0;0;0;0;0;0;0;0;0;0;0;0;0;0;0;0;0;0;0;0;0;0;0
Q4585578,SEO26FF,보험품,classification_result.csv,C,0,0,0,감축,비핵심보험[C] 소요無→0,gray,재고불요,,상시,,,,,0,0;0;0;0;0;0;0;0;0;0;0;0;0;0;0;0;0;0;0;0;0;0;0;0
Q4587154,SEO26FF,보험품,classification_result.csv,S,5,0,0,유지,"핵심보험[S] μ_LT+SS(Z2.58)=5,상한0,기준1→5",green,여유,QOC Servo,상시,,,,,1,5;0;0;0;0;0;0;0;0;0;0;0;0;0;0;0;0;0;0;0;0;0;0;0
Q4588343,SEO26FF,보험품,classification_result.csv,B,1,0,0,유지,"비핵심보험[B] μ_LT+SS(Z1.65)=1,상한1→1",green,여유,,상시,,,,,0,0;0;0;0;0;0;0;0;0;0;0;0;0;0;0;0;0;0;0;0;0;0;0;0
Q4590955,SEO26FF,계획품,classification_result.csv,B,0,0,0,감축,계획품 원칙0(비핵심설비→수리일정발주),gray,재고불요,,상시,,,,,1,0;2;0;0;0;0;0;0;0;0;0;0;0;0;0;0;0;0;0;0;0;0;0;0
Q4597580,SEO26FF,계획품,classification_result.csv,A,0,0,0,감축,핵심설비 계획품이나 소요비활발(λ0.6)→0,gray,재고불요,,상시,,,,,1,30;0;0;0;0;0;0;0;0;0;0;0;0;0;0;0;0;0;0;0;0;0;0;0
Q4598537,SEO26FF,계획품,classification_result.csv,B,0,0,0,감축,계획품 원칙0(비핵심설비→수리일정발주),gray,재고불요,,상시,,,,,0,0;0;0;0;0;0;0;0;0;0;0;0;0;0;0;0;0;0;0;0;0;0;0;0
Q4604630,SEO26FF,보험품,master.csv,S,1,1,1503362000,발주,핵심보험[S] 소요無→기준1,red,즉시발주,,상시,,,,,0,0;0;0;0;0;0;0;0;0;0;0;0;0;0;0;0;0;0;0;0;0;0;0;0
Q4605205,SEO26FF,보험품,master.csv,B,0,0,0,감축,비핵심보험[B] 소요無→0,gray,재고불요,,상시,,,,,0,0;0;0;0;0;0;0;0;0;0;0;0;0;0;0;0;0;0;0;0;0;0;0;0
Q4605206,SEO26FF,계획품,classification_result.csv,B,0,0,0,감축,계획품 원칙0(비핵심설비→수리일정발주),gray,재고불요,,상시,,,,,0,0;0;0;0;0;0;0;0;0;0;0;0;0;0;0;0;0;0;0;0;0;0;0;0
Q4606740,SEO26FF,계획품,classification_result.csv,C,0,0,0,감축,계획품 원칙0(비핵심설비→수리일정발주),gray,재고불요,,상시,,,,,1,0;0;0;0;0;0;0;0;0;7;0;0;0;0;0;0;0;0;0;0;0;0;0;0
Q4610709,SEO26FF,계획품,classification_result.csv,C,0,0,0,감축,계획품 원칙0(비핵심설비→수리일정발주),gray,재고불요,,상시,,,,,1,0;0;0;0;0;0;0;0;0;0;0;0;20;0;0;0;0;0;0;0;0;0;0;0
Q4611811,SEO26FF,보험품,classification_result.csv,C,0,0,0,감축,비핵심보험[C] 소요無→0,gray,재고불요,,상시,,,,,0,0;0;0;0;0;0;0;0;0;0;0;0;0;0;0;0;0;0;0;0;0;0;0;0
Q4612557,SEO26FF,보험품,master.csv,B,2,0,0,유지,"비핵심보험[B] μ_LT+SS(Z1.65)=2,상한0→2",green,여유,,상시,,,,,1,0;2;0;0;0;0;0;0;0;0;0;0;0;0;0;0;0;0;0;0;0;0;0;0
Q4616814,SEO26FF,계획품,classification_result.csv,B,0,0,0,감축,계획품 원칙0(비핵심설비→수리일정발주),gray,재고불요,,상시,,,,,0,0;0;0;0;0;0;0;0;0;0;0;0;0;0;0;0;0;0;0;0;0;0;0;0
Q4625628,SEO26FF,계획품,classification_result.csv,B,0,0,0,감축,계획품 원칙0(비핵심설비→수리일정발주),gray,재고불요,,상시,,,,,0,0;0;0;0;0;0;0;0;0;0;0;0;0;0;0;0;0;0;0;0;0;0;0;0
Q4625646,SEO26FF,보험품,master.csv,B,1,0,0,유지,"비핵심보험[B] μ_LT+SS(Z1.65)=1,상한1→1",green,여유,,상시,,,,,1,1;0;0;0;0;0;0;0;0;0;0;0;0;0;0;0;0;0;0;0;0;0;0;0
Q4626564,SEO26FF,계획품,classification_result.csv,C,0,0,0,감축,계획품 원칙0(비핵심설비→수리일정발주),gray,재고불요,,상시,,,,,2,0;150;0;0;0;0;0;0;0;0;0;0;150;0;0;0;0;0;0;0;0;0;0;0
Q4627208,SEO26FF,계획품,classification_result.csv,B,0,0,0,감축,계획품 원칙0(비핵심설비→수리일정발주),gray,재고불요,,상시,,,,,2,1;0;0;0;0;0;0;0;0;0;0;1;0;0;0;0;0;0;0;0;0;0;0;0
Q4635441,SEO26FF,보험품,classification_result.csv,C,0,0,0,감축,비핵심보험[C] 소요無→0,gray,재고불요,,상시,,,,,0,0;0;0;0;0;0;0;0;0;0;0;0;0;0;0;0;0;0;0;0;0;0;0;0
Q4635563,SEO26FF,보험품,classification_result.csv,C,0,0,0,감축,비핵심보험[C] 소요無→0,gray,재고불요,,상시,,,,,0,0;0;0;0;0;0;0;0;0;0;0;0;0;0;0;0;0;0;0;0;0;0;0;0
Q4636078,SEO26FF,보험품,classification_result.csv,C,0,0,0,감축,비핵심보험[C] 소요無→0,gray,재고불요,,상시,,,,,0,0;0;0;0;0;0;0;0;0;0;0;0;0;0;0;0;0;0;0;0;0;0;0;0
Q4640645,SEO26FF,보험품,master.csv,C,1,0,0,감축,"비핵심보험[C] μ_LT+SS(Z1.28)=1,상한0→1",gray,충분,,상시,,,,,1,0;0;0;0;0;0;1;0;0;0;0;0;0;0;0;0;0;0;0;0;0;0;0;0
Q4642447,SEO26FF,보험품,classification_result.csv,C,0,0,0,감축,비핵심보험[C] 소요無→0,gray,재고불요,,상시,,,,,0,0;0;0;0;0;0;0;0;0;0;0;0;0;0;0;0;0;0;0;0;0;0;0;0
Q4652294,SEO26FF,계획품,classification_result.csv,B,0,0,0,감축,계획품 원칙0(비핵심설비→수리일정발주),gray,재고불요,,상시,,,,,2,0;0;2;0;0;0;0;0;0;0;2;0;0;0;0;0;0;0;0;0;0;0;0;0
Q4653124,SEO26FF,보험품,master.csv,B,1,0,0,감축,"비핵심보험[B] μ_LT+SS(Z1.65)=1,상한1→1",gray,충분,,상시,,,,,1,0;0;0;0;0;0;0;0;0;1;0;0;0;0;0;0;0;0;0;0;0;0;0;0
Q4659090,SEO26FF,계획품,classification_result.csv,B,0,0,0,감축,계획품 원칙0(비핵심설비→수리일정발주),gray,재고불요,,상시,,,,,1,0;0;0;0;0;0;0;0;0;0;0;1;0;0;0;0;0;0;0;0;0;0;0;0
Q4662921,SEO26FF,보험품,classification_result.csv,B,0,0,0,감축,비핵심보험[B] 소요無→0,gray,재고불요,,상시,,,,,0,0;0;0;0;0;0;0;0;0;0;0;0;0;0;0;0;0;0;0;0;0;0;0;0
Q4663525,SEO26FF,보험품,classification_result.csv,C,0,0,0,감축,비핵심보험[C] 소요無→0,gray,재고불요,,상시,,,,,0,0;0;0;0;0;0;0;0;0;0;0;0;0;0;0;0;0;0;0;0;0;0;0;0
Q4668630,SEO26FF,보험품,classification_result.csv,B,0,0,0,감축,비핵심보험[B] 소요無→0,gray,재고불요,,상시,,,,,0,0;0;0;0;0;0;0;0;0;0;0;0;0;0;0;0;0;0;0;0;0;0;0;0
Q4668643,SEO26FF,보험품,master.csv,B,0,0,0,감축,비핵심보험[B] 소요無→0,gray,재고불요,,상시,,,,,0,0;0;0;0;0;0;0;0;0;0;0;0;0;0;0;0;0;0;0;0;0;0;0;0
Q4670923,SEO26FF,보험품,classification_result.csv,C,0,0,0,감축,비핵심보험[C] 소요無→0,gray,재고불요,,상시,,,,,0,0;0;0;0;0;0;0;0;0;0;0;0;0;0;0;0;0;0;0;0;0;0;0;0
Q4671514,SEO26FF,보험품,classification_result.csv,B,0,0,0,감축,비핵심보험[B] 소요無→0,gray,재고불요,,상시,,,,,0,0;0;0;0;0;0;0;0;0;0;0;0;0;0;0;0;0;0;0;0;0;0;0;0
Q4675700,SEO26FF,계획품,classification_result.csv,B,0,0,0,감축,계획품 원칙0(비핵심설비→수리일정발주),gray,재고불요,,상시,,,,,0,0;0;0;0;0;0;0;0;0;0;0;0;0;0;0;0;0;0;0;0;0;0;0;0
Q4676007,SEO26FF,계획품,classification_result.csv,A,1,0,0,유지,핵심설비계획품 소요활발(λ4.6)→소량1,gray,재고충분,FM Main Motor,대수리,2026-09-04,2026-06-06,-89,1,5,0;0;0;0;0;0;0;0;0;0;0;1;0;1;0;1;2;0;1;0;0;0;0;0
Q4677113,SEO26FF,보험품,master.csv,B,0,0,0,감축,비핵심보험[B] 소요無→0,gray,재고불요,,상시,,,,,0,0;0;0;0;0;0;0;0;0;0;0;0;0;0;0;0;0;0;0;0;0;0;0;0
Q4679740,SEO26FF,보험품,classification_result.csv,C,3,0,0,유지,"비핵심보험[C] μ_LT+SS(Z1.28)=3,상한6→3",green,여유,,상시,,,,,2,0;0;0;0;0;0;0;0;0;0;0;0;6;0;0;0;0;0;0;0;0;0;0;0
Q4681315,SEO26FF,보험품,classification_result.csv,B,1,0,0,유지,"비핵심보험[B] μ_LT+SS(Z1.65)=1,상한1→1",green,여유,,상시,,,,,1,0;0;0;0;0;0;0;0;0;0;0;0;1;0;0;0;0;0;0;0;0;0;0;0
Q4681514,SEO26FF,보험품,classification_result.csv,B,0,0,0,감축,비핵심보험[B] 소요無→0,gray,재고불요,,상시,,,,,0,0;0;0;0;0;0;0;0;0;0;0;0;0;0;0;0;0;0;0;0;0;0;0;0
Q4686594,SEO26FF,보험품,classification_result.csv,A,1,0,0,감축,핵심보험[A] 소요無→기준1,gray,충분,QOC Servo,상시,,,,,0,0;0;0;0;0;0;0;0;0;0;0;0;0;0;0;0;0;0;0;0;0;0;0;0
Q4688109,SEO26FF,보험품,classification_result.csv,B,0,0,0,감축,비핵심보험[B] 소요無→0,gray,재고불요,,상시,,,,,0,0;0;0;0;0;0;0;0;0;0;0;0;0;0;0;0;0;0;0;0;0;0;0;0
Q4691588,SEO26FF,계획품,classification_result.csv,B,0,0,0,감축,계획품 원칙0(비핵심설비→수리일정발주),gray,재고불요,,상시,,,,,0,0;0;0;0;0;0;0;0;0;0;0;0;0;0;0;0;0;0;0;0;0;0;0;0
Q4693461,SEO26FF,계획품,classification_result.csv,B,0,0,0,감축,계획품 원칙0(비핵심설비→수리일정발주),gray,재고불요,,상시,,,,,1,0;0;0;0;0;0;0;0;0;0;0;0;0;0;0;0;0;0;0;0;0;0;0;1
Q4693466,SEO26FF,보험품,classification_result.csv,B,1,0,0,유지,"비핵심보험[B] μ_LT+SS(Z1.65)=1,상한1→1",green,여유,,상시,,,,,1,0;0;0;0;0;0;0;0;0;0;0;0;0;0;0;0;0;0;0;0;0;0;0;1
Q4693469,SEO26FF,보험품,classification_result.csv,B,1,0,0,유지,"비핵심보험[B] μ_LT+SS(Z1.65)=1,상한1→1",green,여유,,상시,,,,,1,0;0;0;0;0;0;0;0;0;0;0;0;0;0;0;0;0;0;0;0;0;0;0;1
Q4694508,SEO26FF,보험품,classification_result.csv,B,0,0,0,감축,비핵심보험[B] 소요無→0,gray,재고불요,,상시,,,,,0,0;0;0;0;0;0;0;0;0;0;0;0;0;0;0;0;0;0;0;0;0;0;0;0
Q4695959,SEO26FF,계획품,master.csv,B,0,0,0,감축,계획품 원칙0(비핵심설비→수리일정발주),gray,재고불요,,상시,,,,,0,0;0;0;0;0;0;0;0;0;0;0;0;0;0;0;0;0;0;0;0;0;0;0;0
Q4695963,SEO26FF,계획품,classification_result.csv,B,0,0,0,감축,계획품 원칙0(비핵심설비→수리일정발주),gray,재고불요,,상시,,,,,0,0;0;0;0;0;0;0;0;0;0;0;0;0;0;0;0;0;0;0;0;0;0;0;0
Q4695964,SEO26FF,보험품,classification_result.csv,B,0,0,0,감축,비핵심보험[B] 소요無→0,gray,재고불요,,상시,,,,,0,0;0;0;0;0;0;0;0;0;0;0;0;0;0;0;0;0;0;0;0;0;0;0;0
Q4695965,SEO26FF,계획품,classification_result.csv,B,0,0,0,감축,계획품 원칙0(비핵심설비→수리일정발주),gray,재고불요,,상시,,,,,0,0;0;0;0;0;0;0;0;0;0;0;0;0;0;0;0;0;0;0;0;0;0;0;0
Q4696404,SEO26FF,보험품,classification_result.csv,B,0,0,0,감축,비핵심보험[B] 소요無→0,gray,재고불요,,상시,,,,,0,0;0;0;0;0;0;0;0;0;0;0;0;0;0;0;0;0;0;0;0;0;0;0;0
Q4697155,SEO26FF,계획품,classification_result.csv,B,0,0,0,감축,계획품 원칙0(비핵심설비→수리일정발주),gray,재고불요,,상시,,,,,0,0;0;0;0;0;0;0;0;0;0;0;0;0;0;0;0;0;0;0;0;0;0;0;0
Q4698941,SEO26FF,보험품,classification_result.csv,A,2,0,0,유지,"핵심보험[A] μ_LT+SS(Z2.05)=2,상한2,기준1→2",green,여유,FM Hot Leveller,상시,,,,,1,0;0;0;0;0;0;0;0;0;0;0;0;0;0;0;0;0;0;0;0;0;0;2;0
Q4699194,SEO26FF,계획품,classification_result.csv,B,0,0,0,감축,계획품 원칙0(비핵심설비→수리일정발주),gray,재고불요,,상시,,,,,0,0;0;0;0;0;0;0;0;0;0;0;0;0;0;0;0;0;0;0;0;0;0;0;0
Q4699400,SEO26FF,보험품,classification_result.csv,C,0,0,0,감축,비핵심보험[C] 소요無→0,gray,재고불요,,상시,,,,,0,0;0;0;0;0;0;0;0;0;0;0;0;0;0;0;0;0;0;0;0;0;0;0;0
Q4700628,SEO26FF,계획품,classification_result.csv,B,0,0,0,감축,계획품 원칙0(비핵심설비→수리일정발주),gray,재고불요,,상시,,,,,2,0;0;0;0;0;0;0;0;0;0;0;0;0;0;0;0;0;0;1;0;0;0;0;1
Q4700632,SEO26FF,계획품,classification_result.csv,B,0,0,0,감축,계획품 원칙0(비핵심설비→수리일정발주),gray,재고불요,,상시,,,,,0,0;0;0;0;0;0;0;0;0;0;0;0;0;0;0;0;0;0;0;0;0;0;0;0
Q4700633,SEO26FF,보험품,classification_result.csv,B,0,0,0,감축,비핵심보험[B] 소요無→0,gray,재고불요,,상시,,,,,0,0;0;0;0;0;0;0;0;0;0;0;0;0;0;0;0;0;0;0;0;0;0;0;0
Q4700636,SEO26FF,계획품,classification_result.csv,B,0,0,0,감축,계획품 원칙0(비핵심설비→수리일정발주),gray,재고불요,,상시,,,,,0,0;0;0;0;0;0;0;0;0;0;0;0;0;0;0;0;0;0;0;0;0;0;0;0
Q4700741,SEO26FF,계획품,classification_result.csv,B,0,0,0,감축,계획품 원칙0(비핵심설비→수리일정발주),gray,재고불요,,상시,,,,,0,0;0;0;0;0;0;0;0;0;0;0;0;0;0;0;0;0;0;0;0;0;0;0;0
Q4701430,SEO26FF,계획품,master.csv,C,0,0,0,감축,계획품 원칙0(비핵심설비→수리일정발주),gray,재고충분,FM Main Motor,대수리,2026-09-04,2026-05-23,-103,0,0,0;0;0;0;0;0;0;0;0;0;0;0;0;0;0;0;0;0;0;0;0;0;0;0
Q4702499,SEO26FF,계획품,master.csv,C,0,0,0,감축,계획품 원칙0(비핵심설비→수리일정발주),gray,재고불요,,상시,,,,,0,0;0;0;0;0;0;0;0;0;0;0;0;0;0;0;0;0;0;0;0;0;0;0;0
Q4702501,SEO26FF,계획품,classification_result.csv,C,0,0,0,감축,계획품 원칙0(비핵심설비→수리일정발주),gray,재고불요,,상시,,,,,0,0;0;0;0;0;0;0;0;0;0;0;0;0;0;0;0;0;0;0;0;0;0;0;0
Q4702503,SEO26FF,계획품,master.csv,B,0,0,0,감축,계획품 원칙0(비핵심설비→수리일정발주),gray,재고불요,,상시,,,,,1,0;0;0;0;0;0;0;0;0;0;0;0;0;0;0;0;0;0;0;0;0;0;1;0
Q4702505,SEO26FF,계획품,classification_result.csv,C,0,0,0,감축,계획품 원칙0(비핵심설비→수리일정발주),gray,재고불요,,상시,,,,,0,0;0;0;0;0;0;0;0;0;0;0;0;0;0;0;0;0;0;0;0;0;0;0;0
Q4702518,SEO26FF,계획품,classification_result.csv,B,0,0,0,감축,계획품 원칙0(비핵심설비→수리일정발주),gray,재고불요,,상시,,,,,1,0;0;0;0;0;0;0;0;0;0;0;0;0;0;0;0;0;0;0;0;0;0;1;0
Q4702521,SEO26FF,계획품,classification_result.csv,B,0,0,0,감축,계획품 원칙0(비핵심설비→수리일정발주),gray,재고불요,,상시,,,,,1,0;0;0;0;0;0;0;0;0;0;0;0;0;0;0;0;0;0;0;0;0;0;1;0
Q4702522,SEO26FF,계획품,classification_result.csv,B,0,0,0,감축,계획품 원칙0(비핵심설비→수리일정발주),gray,재고불요,,상시,,,,,1,0;0;0;0;0;0;0;0;0;0;0;0;0;0;0;0;0;0;0;0;0;0;1;0
Q4702525,SEO26FF,보험품,classification_result.csv,B,1,0,0,유지,"비핵심보험[B] μ_LT+SS(Z1.65)=1,상한1→1",green,여유,,상시,,,,,1,0;0;0;0;0;0;0;0;0;0;0;0;0;0;0;0;0;0;0;0;0;0;1;0
Q4702528,SEO26FF,계획품,classification_result.csv,B,0,0,0,감축,계획품 원칙0(비핵심설비→수리일정발주),gray,재고불요,,상시,,,,,1,0;0;0;0;0;0;0;0;0;0;0;0;0;0;0;0;0;0;0;0;0;0;1;0
Q4702532,SEO26FF,보험품,classification_result.csv,B,1,0,0,유지,"비핵심보험[B] μ_LT+SS(Z1.65)=1,상한1→1",green,여유,,상시,,,,,1,0;0;0;0;0;0;0;0;0;0;0;0;0;0;0;0;0;0;0;0;0;0;1;0
Q4702536,SEO26FF,계획품,classification_result.csv,B,0,0,0,감축,계획품 원칙0(비핵심설비→수리일정발주),gray,재고불요,,상시,,,,,1,0;0;0;0;0;0;0;0;0;0;0;0;0;0;0;0;0;0;0;0;0;0;1;0
Q4704375,SEO26FF,보험품,classification_result.csv,B,0,0,0,감축,비핵심보험[B] 소요無→0,gray,재고불요,FM Main Motor,상시,,,,,0,0;0;0;0;0;0;0;0;0;0;0;0;0;0;0;0;0;0;0;0;0;0;0;0
Q4709438,SEO26FF,계획품,classification_result.csv,A,0,0,0,감축,핵심설비 계획품이나 3년무소요→0,gray,재고충분,FM Main Motor,대수리,2026-09-04,2026-05-15,-111,0,0,0;0;0;0;0;0;0;0;0;0;0;0;0;0;0;0;0;0;0;0;0;0;0;0
Q4709544,SEO26FF,계획품,master.csv,B,0,0,0,감축,계획품 원칙0(비핵심설비→수리일정발주),gray,재고불요,,상시,,,,,1,0;0;0;0;0;0;0;0;0;0;0;0;0;0;0;0;0;0;0;0;0;0;0;3
Q4709545,SEO26FF,보험품,classification_result.csv,B,4,0,0,유지,"비핵심보험[B] μ_LT+SS(Z1.65)=4,상한4→4",green,여유,,상시,,,,,1,0;0;0;0;0;0;0;0;0;0;0;0;0;0;0;0;0;0;0;0;0;0;0;4
Q4710841,SEO26FF,계획품,master.csv,B,0,0,0,감축,계획품 원칙0(비핵심설비→수리일정발주),gray,재고불요,,상시,,,,,0,0;0;0;0;0;0;0;0;0;0;0;0;0;0;0;0;0;0;0;0;0;0;0;0
Q4711077,SEO26FF,계획품,master.csv,B,0,0,0,감축,계획품 원칙0(비핵심설비→수리일정발주),gray,재고불요,,상시,,,,,0,0;0;0;0;0;0;0;0;0;0;0;0;0;0;0;0;0;0;0;0;0;0;0;0
Q4711186,SEO26FF,계획품,classification_result.csv,C,0,0,0,감축,계획품 원칙0(비핵심설비→수리일정발주),gray,재고불요,,상시,,,,,0,0;0;0;0;0;0;0;0;0;0;0;0;0;0;0;0;0;0;0;0;0;0;0;0
Q4711472,SEO26FF,계획품,master.csv,B,0,0,0,감축,계획품 원칙0(비핵심설비→수리일정발주),gray,재고불요,,상시,,,,,0,0;0;0;0;0;0;0;0;0;0;0;0;0;0;0;0;0;0;0;0;0;0;0;0
Q4711473,SEO26FF,보험품,classification_result.csv,C,0,0,0,감축,비핵심보험[C] 소요無→0,gray,재고불요,,상시,,,,,0,0;0;0;0;0;0;0;0;0;0;0;0;0;0;0;0;0;0;0;0;0;0;0;0
Q4712148,SEO26FF,보험품,classification_result.csv,B,0,0,0,감축,비핵심보험[B] 소요無→0,gray,재고불요,,상시,,,,,0,0;0;0;0;0;0;0;0;0;0;0;0;0;0;0;0;0;0;0;0;0;0;0;0
Q4712149,SEO26FF,보험품,classification_result.csv,B,0,0,0,감축,비핵심보험[B] 소요無→0,gray,재고불요,,상시,,,,,0,0;0;0;0;0;0;0;0;0;0;0;0;0;0;0;0;0;0;0;0;0;0;0;0
Q4712150,SEO26FF,계획품,classification_result.csv,B,0,0,0,감축,계획품 원칙0(비핵심설비→수리일정발주),gray,재고불요,,상시,,,,,0,0;0;0;0;0;0;0;0;0;0;0;0;0;0;0;0;0;0;0;0;0;0;0;0
Q4712151,SEO26FF,계획품,master.csv,C,0,0,0,감축,계획품 원칙0(비핵심설비→수리일정발주),gray,재고불요,,상시,,,,,0,0;0;0;0;0;0;0;0;0;0;0;0;0;0;0;0;0;0;0;0;0;0;0;0
Q4712152,SEO26FF,보험품,classification_result.csv,B,0,0,0,감축,비핵심보험[B] 소요無→0,gray,재고불요,,상시,,,,,0,0;0;0;0;0;0;0;0;0;0;0;0;0;0;0;0;0;0;0;0;0;0;0;0
Q4712503,SEO26FF,계획품,classification_result.csv,B,0,0,0,감축,계획품 원칙0(비핵심설비→수리일정발주),gray,재고불요,,상시,,,,,0,0;0;0;0;0;0;0;0;0;0;0;0;0;0;0;0;0;0;0;0;0;0;0;0
Q4712672,SEO26FF,보험품,classification_result.csv,A,1,0,0,유지,핵심보험[A] 소요無→기준1,green,여유,FM Crop Shear,상시,,,,,0,0;0;0;0;0;0;0;0;0;0;0;0;0;0;0;0;0;0;0;0;0;0;0;0
Q4716626,SEO26FF,계획품,classification_result.csv,C,0,0,0,감축,계획품 원칙0(비핵심설비→수리일정발주),gray,재고불요,,상시,,,,,0,0;0;0;0;0;0;0;0;0;0;0;0;0;0;0;0;0;0;0;0;0;0;0;0
Q4716627,SEO26FF,보험품,classification_result.csv,C,0,0,0,감축,비핵심보험[C] 소요無→0,gray,재고불요,,상시,,,,,0,0;0;0;0;0;0;0;0;0;0;0;0;0;0;0;0;0;0;0;0;0;0;0;0
QS414625,SEO26FF,보험품,master.csv,C,4,0,0,감축,"비핵심보험[C] μ_LT+SS(Z1.28)=4,상한17→4",gray,충분,,상시,,,,,2,0;0;5.662;0;0;0;0;0;0;0;0;0;5.9;0;0;0;0;0;0;0;0;0;0;0
QS418165,SEO26FF,보험품,classification_result.csv,B,2,1,65000000,발주,"비핵심보험[B] μ_LT+SS(Z1.65)=2,상한2→2",yellow,발주임박,,상시,,,,,3,0;0;2;0;0;0;0;0;0;0;0;0;1;0;0;0;0;0;0;0;0;0;0;0
QS424543,SEO26FF,보험품,classification_result.csv,S,1,1,98500000,발주,핵심보험[S] 소요無→기준1,red,즉시발주,,상시,,,,,0,0;0;0;0;0;0;0;0;0;0;0;0;0;0;0;0;0;0;0;0;0;0;0;0
QS429155,SEO26FF,보험품,master.csv,C,1,0,0,유지,"핵심보험[C] μ_LT+SS(Z1.28)=1,상한0,기준1→1",green,여유,Table Roller 기어박스,상시,,,,,1,0;0;0;0;0;0;0;0;0;0;0;0;1;0;0;0;0;0;0;0;0;0;0;0
